Workbook

Sheet Respuestas de formulario 1
A1: Marca temporal | B1: Dirección de correo electrónico | C1: Nombre OFICIAL y COMPLETO de la institución educativa | D1: codigo unico de escuela (cue) | E1: tipo de institucion educativa y orientacion | F1: Especifique su orientación | G1: tipo de gestion de la institucion educativa | H1: apellido y nombre del/la docente responsable de la visita | I1: Nombre y apellido del/la docente acompañante 1 | J1: Nombre y apellido del/la docente acompañante 2 | K1: Dirección de correo electrónico para recibir resultado de la asignación | L1: ubicacion de la escuela | M1: Barrio/Localidad de la escuela | N1: cantidad de alumnos que asistiran | O1: curso que asistira | P1: Conectividad en la institución | Q1: Acceso a las ciencias exactas y naturales | R1: porcentaje aproximado de estudiantes de familias de bajos recursos | S1: Exprese observaciones o comentarios que considere pertinentes | T1: Turno/s solicitado/s [Turno mañana (9:00 a 12.30 hs.)] | U1: Turno/s solicitado/s [Turno tarde (12.30 a 16:00 hs.)] | V1: turno solicitado | W1: fecha solicitada | X1: CHARLAS [9:30 Redes sociales: la matemática detrás de los "influencers". Rocío Balderrama] | Y1: CHARLAS [11:30 La Biblio junto a... la calculadora. Historias que no hacen historia. Juan Carlos Pedraza] | Z1: CHARLAS [14:00 ¿Cómo hacer ciencia con Twitter? Sofía del Pozo] | AA1: ESTACIONES INTERACTIVAS [9:30] | AB1: ESTACIONES INTERACTIVAS [10:30] | AC1: ESTACIONES INTERACTIVAS [11:30] | AD1: ESTACIONES INTERACTIVAS [13:00] | AE1: ESTACIONES INTERACTIVAS [14:00] | AF1: ESTACIONES INTERACTIVAS [15:00] | AG1: TALLERES [9:30] | AH1: TALLERES [10:30] | AI1: TALLERES [11:30] | AJ1: TALLERES [14:00] | AK1: TALLERES [15:00] | AL1: ARTE MATEMÁTICO [9:30] | AM1: ARTE MATEMÁTICO [10:30] | AN1: ARTE MATEMÁTICO [11:30] | AO1: ARTE MATEMÁTICO [14:00] | AP1: ARTE MATEMÁTICO [15:00] | AQ1: VISITAS GUIADAS TEMÁTICAS [10:30] | AR1: VISITAS GUIADAS TEMÁTICAS [11:30] | AS1: VISITAS GUIADAS TEMÁTICAS [14:00] | AT1: VISITAS GUIADAS TEMÁTICAS [15:00] | AU1: Exprese cualquier aclaración sobre la solicitud de inscripción que facilite la administración de vacantes. | AV1: CHARLAS [9:30 Desorden ordenado, ¡qué caos es esto! Paula Kuna] | AW1: CHARLAS [11:30 ¿Tenés una idea para cambiar el mundo? Primero simulalo. Rodrigo Castro] | AX1: CHARLAS [14:00 Embaldosados Fractales. Ursula Molter] | AY1: ESTACIONES INTERACTIVAS [9:30] | AZ1: ESTACIONES INTERACTIVAS [10:30] | BA1: ESTACIONES INTERACTIVAS [11:30] | BB1: ESTACIONES INTERACTIVAS [13:00] | BC1: ESTACIONES INTERACTIVAS [14:00] | BD1: ESTACIONES INTERACTIVAS [15:00] | BE1: TALLERES [9.30] | BF1: TALLERES [10:30] | BG1: TALLERES [11:30] | BH1: TALLERES [14:00] | BI1: TALLERES [15:00] | BJ1: ARTE MATEMÁTICO [9:30] | BK1: ARTE MATEMÁTICO [10:30] | BL1: ARTE MATEMÁTICO [11:30] | BM1: ARTE MATEMÁTICO [14:00] | BN1: ARTE MATEMÁTICO [15:00] | BO1: VISITA GUIADA [10:30] | BP1: VISITA GUIADA [11:30] | BQ1: VISITA GUIADA [14:00] | BR1: VISITA GUIADA [15:00] | BS1: Exprese cualquier aclaración sobre la solicitud de inscripción que facilite la administración de vacantes. | BT1: CHARLAS [9:30 Geometría proyectiva, fotografía y la final del mundo. Charly Di Fiore] | BU1: CHARLAS [11:30 Detective de datos. Guillermo Solovey] | BV1: CHARLAS [14:00 Datos y deportes. Iván Monardo] | BW1: ESTACIONES INTERACTIVAS [9:30] | BX1: ESTACIONES INTERACTIVAS [10:30] | BY1: ESTACIONES INTERACTIVAS [11:30] | BZ1: ESTACIONES INTERACTIVAS [13:00] | CA1: ESTACIONES INTERACTIVAS [14:00] | CB1: ESTACIONES INTERACTIVAS [15:00] | CC1: TALLERES [9:30] | CD1: TALLERES [10:30 ] | CE1: TALLERES [11:30] | CF1: TALLERES [14:00] | CG1: TALLERES [15:00] | CH1: ARTE MATEMÁTICO [9:30] | CI1: ARTE MATEMÁTICO [10:30] | CJ1: ARTE MATEMÁTICO [11:30] | CK1: ARTE MATEMÁTICO [14:00] | CL1: ARTE MATEMÁTICO [15:00] | CM1: VISITA GUIADA [10:30] | CN1: VISITA GUIADA [11:30] | CO1: VISITA GUIADA [14:00] | CP1: VISITA GUIADA [15:00] | CQ1: Exprese cualquier aclaración sobre la solicitud de inscripción que facilite la administración de vacantes.
A2: 45363.484 | B2: alvarezmarisaclaudia@gmail.com | C2: Instituto Saenz | D2: 051 | E2: 1. Liceos / Normales / Colegios / Institutos orientados en ciencias naturales y/o exactas | F2: Ciencias naturales | G2: Privada | H2: Marisa Álvarez | I2: Carla Sureda | J2: Andrea Ledesma | K2: alvarezmarisaclaudia@gmail.com | L2: PARTIDOS DEL GRAN BUENOS AIRES-SUR | M2: Lomas de zamorac | N2: 35 | O2: 6º Secundaria (Prov.) / 5º Media (CABA) | P2: 1 | Q2: 4 | R2: 50 | T2: Si | U2: No | V2: Jornada simple: sólo turno mañana (9:00 a 12.30 hs.) | W2: Miércoles 24/4 | AR2: Si | AS2: Si | AT2: Si | AU2: No | AV2: Si | AW2: Si | AX2: Si | AY2: No | AZ2: No | BA2: No | BB2: Si | BC2: Si | BD2: Si | BE2: No | BF2: No | BG2: Si | BH2: Si | BI2: No | BJ2: No
A3: 45363.487 | B3: muestra034@gmail.com | C3: Instituto Sáenz | D3: 051 | E3: 1. Liceos / Normales / Colegios / Institutos orientados en ciencias naturales y/o exactas | F3: C naturales | G3: Privada | H3: Mauro Uranga | I3: Marisa Álvarez | J3: Carla sureda | K3: muestra034@gmail.com | L3: PARTIDOS DEL GRAN BUENOS AIRES-SUR | M3: Lomas de samorac | N3: 35 | O3: 6º Secundaria (Prov.) / 5º Media (CABA) | P3: 2 | Q3: 3 | R3: 50 | T3: Si | U3: No | V3: Jornada simple: sólo turno mañana (9:00 a 12.30 hs.) | W3: Miércoles 24/4 | AR3: Si | AS3: Si | AT3: Si | AU3: No | AV3: Si | AW3: Si | AX3: Si | AY3: No | AZ3: No | BA3: No | BB3: Si | BC3: Si | BD3: Si | BE3: No | BF3: No | BG3: Si | BH3: Si | BI3: No | BJ3: No
A4: 45363.49 | B4: jmarinelli@dellibertador.edu.ar | C4: INST. COLEGIO DEL LIBERTADOR | D4: 020125200 | E4: 9. Liceos / Normales / Colegios / Institutos orientados en ciencias sociales y/o humanidades | F4: Orientación en Lenguas Extranjeras y en Ciencias Sociales y Humanidades | G4: Privada | H4: Javier Marinelli | I4: Damian Vattimo | J4: Marina Lavigna | K4: jmarinelli@dellibertador.edu.ar | L4: CABA | M4: FLORES | N4: 26 | O4: 6º Secundaria (Prov.) / 5º Media (CABA) | P4: 4 | Q4: 3 | R4: 0 | S4: NINGUNO | T4: Si | U4: No | V4: Jornada simple: sólo turno mañana (9:00 a 12.30 hs.) | W4: Miércoles 24/4 | AR4: Si | AS4: No | AT4: No | AU4: No | AV4: No | AW4: Si | AX4: No | AY4: No | AZ4: No | BA4: No | BB4: No | BC4: No | BD4: Si | BE4: No | BF4: No | BG4: No | BH4: No | BI4: No | BJ4: No
A5: 45363.492 | B5: jmarinelli@dellibertador.edu.ar | C5: INST. COLEGIO DEL LIBERTADOR | D5: 020125200 | E5: 9. Liceos / Normales / Colegios / Institutos orientados en ciencias sociales y/o humanidades | F5: Orientación en Lenguas Extranjeras y Ciencias Sociales y Humanidades | G5: Privada | H5: Javier Marinelli | I5: Damian Vattimo | J5: Marina Lavigna | K5: jmarinelli@dellibertador.edu.ar | L5: CABA | M5: FLORES | N5: 19 | O5: 6º Secundaria (Prov.) / 5º Media (CABA) | P5: 4 | Q5: 3 | R5: 0 | S5: NINGUNA | T5: Si | U5: No | V5: Jornada simple: sólo turno mañana (9:00 a 12.30 hs.) | W5: Miércoles 24/4 | AR5: Si | AS5: No | AT5: No | AU5: No | AV5: No | AW5: Si | AX5: No | AY5: No | AZ5: No | BA5: No | BB5: No | BC5: No | BD5: Si | BE5: No | BF5: No | BG5: No | BH5: No | BI5: No | BJ5: No
A6: 45363.493 | B6: m.alvarez@institutosaenz.edu.ar | C6: Instituto saenz | D6: 051 | E6: 1. Liceos / Normales / Colegios / Institutos orientados en ciencias naturales y/o exactas | F6: Cnaturalez | G6: Privada | H6: Laura Condo | I6: Gabriel Celuberti | J6: Belen Bruno | K6: m.alvarez@institutosaenz.edu.ar | L6: PARTIDOS DEL GRAN BUENOS AIRES-SUR | M6: Lomas de Zamora | N6: 35 | O6: 6º Secundaria (Prov.) / 5º Media (CABA) | P6: 2 | Q6: 3 | R6: 50 | T6: Si | U6: No | V6: Jornada simple: sólo turno mañana (9:00 a 12.30 hs.) | W6: Miércoles 24/4 | AR6: Si | AS6: Si | AT6: Si | AU6: No | AV6: Si | AW6: Si | AX6: Si | AY6: No | AZ6: No | BA6: No | BB6: Si | BC6: Si | BD6: Si | BE6: No | BF6: No | BG6: Si | BH6: Si | BI6: No | BJ6: No
A7: 45363.503 | B7: mcappussi@yahoo.com.ar | C7: EES N 2 Francisco Ramírez Lanus | D7: 061024600 | E7: 1. Liceos / Normales / Colegios / Institutos orientados en ciencias naturales y/o exactas | F7: Naturales | G7: Estatal | H7: Cappussi Mercedes | I7: Maria Jose Ferrer | K7: mcappussi@yahoo.com.ar | L7: PARTIDOS DEL GRAN BUENOS AIRES-SUR | M7: Lanus | N7: 25 | O7: 6º Secundaria (Prov.) / 5º Media (CABA) | P7: 5 | Q7: 5 | R7: 50 | T7: Si | U7: Si | V7: Jornada completa: turno completo (9:00 a 16.00 hs.) | W7: Miércoles 24/4 | AR7: No | AS7: Si | AT7: Si | AU7: No | AV7: Si | AW7: No | AX7: No | AY7: No | AZ7: Si | BA7: Si | BB7: No | BC7: Si | BD7: Si | BE7: Si | BF7: No | BG7: No | BH7: No | BI7: Si | BJ7: No
A8: 45363.506 | B8: mcappussi@yahoo.com.ar | C8: EES N 2 Francisco Ramírez | D8: 061024600 | E8: 1. Liceos / Normales / Colegios / Institutos orientados en ciencias naturales y/o exactas | F8: Economía | G8: Estatal | H8: Cappussi Mercedes | I8: Ferrer María jose | K8: mcappussi@yahoo.com.ar | L8: PARTIDOS DEL GRAN BUENOS AIRES-SUR | M8: Lanus | N8: 20 | O8: 6º Secundaria (Prov.) / 5º Media (CABA) | P8: 5 | Q8: 5 | R8: 50 | T8: Si | U8: Si | V8: Jornada completa: turno completo (9:00 a 16.00 hs.) | W8: Miércoles 24/4 | AR8: No | AS8: Si | AT8: Si | AU8: No | AV8: Si | AW8: No | AX8: No | AY8: No | AZ8: Si | BA8: No | BB8: No | BC8: Si | BD8: Si | BE8: Si | BF8: No | BG8: No | BH8: No | BI8: Si | BJ8: No
A9: 45363.517 | B9: morelli.nicolas.a@gmail.com | C9: Colegio Norbridge | D9: 020082300 | E9: 1. Liceos / Normales / Colegios / Institutos orientados en ciencias naturales y/o exactas | F9: Administración | G9: Privada | H9: Nicolás Morelli | I9: Analia Mezzelani | J9: Liliana Villena | K9: morelli.nicolas.a@gmail.com | L9: CABA | M9: Saavedra | N9: 30 | O9: 6º Secundaria (Prov.) / 5º Media (CABA) | P9: 5 | Q9: 5 | R9: 5 | S9: En lo posible nos gustaría recibir la visita guiada para que los estudiantes conozcan las instalaciones. Gracias! | T9: Si | U9: No | V9: Jornada simple: sólo turno mañana (9:00 a 12.30 hs.) | W9: Miércoles 24/4 | AR9: Si | AS9: No | AT9: No | AU9: No | AV9: No | AW9: No | AX9: Si | AY9: No | AZ9: No | BA9: No | BB9: No | BC9: No | BD9: Si | BE9: No | BF9: No | BG9: Si | BH9: No | BI9: No | BJ9: No | BK9: Por favor en lo posible nos gustaría acceder a la visita guiada. Muchas gracias por todo el trabajo!
A10: 45363.525 | B10: ctoperberg@colegio-isma.com.ar | C10: Instituto Santa María de los Ángeles (A-455) | D10: 020038700 | E10: 1. Liceos / Normales / Colegios / Institutos orientados en ciencias naturales y/o exactas | F10: Bachillerato en Ciencias Naturales | G10: Privada | H10: Lucas Caram | I10: Camila Toperberg | K10: ctoperberg@colegio-isma.com.ar | L10: CABA | M10: Coghlan | N10: 30 | O10: 6º Secundaria (Prov.) / 5º Media (CABA) | P10: 4 | Q10: 3 | R10: 5 | T10: Si | U10: No | V10: Jornada simple: sólo turno mañana (9:00 a 12.30 hs.) | W10: Miércoles 24/4 | AR10: Si | AS10: No | AT10: No | AU10: No | AV10: No | AW10: No | AX10: Si | AY10: No | AZ10: No | BA10: No | BB10: No | BC10: Si | BD10: No | BE10: No | BF10: No | BG10: No | BH10: No | BI10: No | BJ10: No
A11: 45363.536 | B11: agustinpereyra@abc.gob.ar | C11: Colegio Madre Teresa | D11: 061690800 | E11: 10. Liceos / Normales / Colegios / Institutos de otras orientaciones | F11: Economía | G11: Privada | H11: Pereyra Varela Agustín | I11: Simón Sabrina | J11: Baini Jesica | K11: agustinpereyra@abc.gob.ar | L11: PARTIDOS DEL GRAN BUENOS AIRES-NORTE | M11: Virreyes | N11: 25 | O11: 6º Secundaria (Prov.) / 5º Media (CABA) | P11: 2 | Q11: 2 | R11: 80 | T11: Si | U11: Si | V11: Jornada completa: turno completo (9:00 a 16.00 hs.) | W11: Miércoles 24/4 | AR11: Si | AS11: No | AT11: No | AU11: No | AV11: No | AW11: Si | AX11: No | AY11: No | AZ11: Si | BA11: No | BD11: Si | BJ11: Si
A12: 45363.54 | B12: agustinpereyra@abc.gob.ar | C12: Colegio Madre Teresa | D12: 061690800 | E12: 10. Liceos / Normales / Colegios / Institutos de otras orientaciones | F12: Economía | G12: Privada | H12: Pereyra Varela Agustín | I12: Simón Sabrina | J12: Nuñez Silvina | K12: agustinpereyra@abc.gob.ar | L12: PARTIDOS DEL GRAN BUENOS AIRES-NORTE | M12: Virreyes | N12: 25 | O12: 6º Secundaria (Prov.) / 5º Media (CABA) | P12: 2 | Q12: 2 | R12: 80 | T12: Si | U12: Si | V12: Jornada completa: turno completo (9:00 a 16.00 hs.) | W12: Miércoles 24/4 | AR12: Si | AS12: No | AT12: No | AU12: No | AV12: No | AW12: Si | AX12: No | AY12: No | AZ12: Si | BA12: No | BD12: Si | BJ12: Si
A13: 45363.608 | B13: veronica.garces@bue.edu.ar | C13: Colegio N 17 DE 7 | D13: 20135200 | E13: 9. Liceos / Normales / Colegios / Institutos orientados en ciencias sociales y/o humanidades | F13: Bachiller orientación en ciencias sociales | G13: Estatal | H13: Verónica Garcés | I13: Mancuso Laura | J13: Claudia Uzal | K13: veronica.garces@bue.edu.ar | L13: CABA | M13: Caballito3 | N13: 35 | O13: 5º Secundaria (Prov.) / 4º Media (CABA) | P13: 5 | Q13: 5 | R13: 60 | T13: Si | U13: No | V13: Jornada simple: sólo turno mañana (9:00 a 12.30 hs.) | W13: Miércoles 24/4 | AR13: Si | AS13: Si | AT13: Si | AU13: Si | AV13: Si | AW13: Si | AX13: Si | AY13: Si | AZ13: Si | BA13: Si | BB13: Si | BC13: Si | BD13: Si | BE13: Si | BF13: Si | BG13: Si | BH13: Si | BI13: Si | BJ13: Si
A14: 45363.627 | B14: patferre@gmail.com | C14: Instituto San Luis | D14: 060407300 | E14: 1. Liceos / Normales / Colegios / Institutos orientados en ciencias naturales y/o exactas | F14: Cs Naturales | G14: Privada | H14: Patricia Ferreyra | I14: Alicia Gil | J14: Nicolas Ambrosoni | K14: patferre@gmail.com | L14: PARTIDOS DEL GRAN BUENOS AIRES-NORTE | M14: Victoria/ San Fernando | N14: 35 | O14: 6º Secundaria (Prov.) / 5º Media (CABA) | P14: 4 | Q14: 4 | R14: 20 | S14: Es colegio subvencionado | T14: Si | U14: No | V14: Jornada simple: sólo turno mañana (9:00 a 12.30 hs.) | W14: Miércoles 24/4 | AR14: Si | AS14: No | AT14: No | AU14: Si | AV14: No | AW14: Si | AX14: Si | AY14: Si | AZ14: No | BA14: No | BB14: Si | BC14: Si | BD14: Si | BE14: No | BF14: No | BG14: No | BH14: No | BI14: No | BJ14: No | BK14: Puede dividirse en 2 subgrupos. Asistiremos con otro curso del mismo colegio
A15: 45363.631 | B15: patferre@gmail.com | C15: Instituto San Luis | D15: 060407300 | E15: 1. Liceos / Normales / Colegios / Institutos orientados en ciencias naturales y/o exactas | F15: Naturales y sociales | G15: Privada | H15: Alicia Gil | I15: Patricia Ferreyra | J15: Nicolás Ambrosoni | K15: patferre@gmail.com | L15: PARTIDOS DEL GRAN BUENOS AIRES-NORTE | M15: Victoria/San Fernando | N15: 35 | O15: 6º Secundaria (Prov.) / 5º Media (CABA) | P15: 4 | Q15: 4 | R15: 20 | S15: Es subvencionado, los cursos tienen ambas orientaciones | T15: Si | U15: No | V15: Jornada simple: sólo turno mañana (9:00 a 12.30 hs.) | W15: Miércoles 24/4 | AR15: Si | AS15: No | AT15: No | AU15: Si | AV15: No | AW15: Si | AX15: Si | AY15: Si | AZ15: No | BA15: No | BB15: Si | BC15: Si | BD15: Si | BE15: No | BF15: No | BG15: No | BH15: No | BI15: No | BJ15: No | BK15: Pueden dividirse en 2 subgrupos. Agradeceremos asistir los 2 cursos del colegio.
A16: 45363.661 | B16: horaciovarela@institutosanfelipeneri.edu.ar | C16: Instituto San Felipe Neri | D16: 020130000 | E16: 7. Técnicas en diseño (gráfico, interiores, comunicación publicitaria, artesanías, indumentaria, mueble, orfebrería, jardinería y paisajismo) | F16: Informatico | G16: Privada | H16: Horacio Varela | I16: Pablo Gonzalez | J16: Laura Vaamonde | K16: horaciovarela@institutosanfelipeneri.edu.ar | L16: CABA | M16: Mataderos | N16: 35 | O16: 6º Secundaria (Prov.) / 5º Media (CABA) | P16: 4 | Q16: 4 | R16: 30 | T16: Si | U16: No | V16: Jornada simple: sólo turno mañana (9:00 a 12.30 hs.) | W16: Miércoles 24/4 | AR16: Si | AS16: Si | AT16: Si | AU16: Si | AV16: Si | AW16: Si | AX16: Si | AY16: Si | AZ16: Si | BA16: Si | BB16: Si | BC16: Si | BD16: Si | BE16: Si | BF16: Si | BG16: Si | BH16: Si | BI16: Si | BJ16: Si
A17: 45363.691 | B17: gabriela.gonzalog@gmail.com | C17: Colegio Irlandes | D17: 061602200 | E17: 9. Liceos / Normales / Colegios / Institutos orientados en ciencias sociales y/o humanidades | F17: Ciencias sociales | G17: Privada | H17: Gabriela Gonzalo Grilo | I17: Sabrina Alvarenga | J17: Romina Ramos | K17: gabriela.gonzalog@gmail.com | L17: PARTIDOS DEL GRAN BUENOS AIRES-SUR | M17: Almirante Brown | N17: 23 | O17: 6º Secundaria (Prov.) / 5º Media (CABA) | P17: 4 | Q17: 3 | R17: 0 | T17: Si | U17: No | V17: Jornada simple: sólo turno mañana (9:00 a 12.30 hs.) | W17: Miércoles 24/4 | AR17: Si | AS17: Si | AT17: Si | AU17: No | AV17: Si | AW17: Si | AX17: Si | AY17: No | AZ17: No | BA17: No | BB17: Si | BC17: Si | BD17: Si | BE17: No | BF17: No | BG17: Si | BH17: Si | BI17: No | BJ17: No | BK17: Es una hermosa oportunidad de hacer matemática y de que conozcan la facultad. Muchas gracias
A18: 45363.718 | B18: lucilazobra@beataimelda.org | C18: INSTITUTO BEATA IMELDA | D18: 020067400 | E18: 9. Liceos / Normales / Colegios / Institutos orientados en ciencias sociales y/o humanidades | F18: Sociales y Humanidades | G18: Privada | H18: Lucila Zobra | I18: Rodrigo Riedel | J18: Andrea Chiola | K18: lucilazobra@beataimelda.org | L18: CABA | M18: Villa Urquiza | N18: 30 | O18: 6º Secundaria (Prov.) / 5º Media (CABA) | P18: 3 | Q18: 3 | R18: 50 | T18: Si | U18: No | V18: Jornada simple: sólo turno mañana (9:00 a 12.30 hs.) | W18: Miércoles 24/4 | AR18: Si | AS18: Si | AT18: Si | AU18: No | AV18: Si | AW18: Si | AX18: Si | AY18: No | AZ18: No | BA18: No | BB18: Si | BC18: Si | BD18: Si | BE18: No | BF18: No | BG18: Si | BH18: Si | BI18: No | BJ18: No | BK18: No tengo problema con la asignación de horarios dentro del turno y, si bien elegí el miércoles 25/4 también podría concurrir el jueves 26.
A19: 45363.721 | B19: lucilazobra@beataimelda.org | C19: INSTITUTO BEATA IMELDA | D19: 020067400 | E19: 10. Liceos / Normales / Colegios / Institutos de otras orientaciones | F19: Economía y Administración | G19: Privada | H19: Lucila Zobra | I19: María Arangue | J19: María Eugenia Castro | K19: lucilazobra@beataimelda.org | L19: CABA | M19: Villa Urquiza | N19: 34 | O19: 6º Secundaria (Prov.) / 5º Media (CABA) | P19: 3 | Q19: 3 | R19: 50 | S19: No tengo problema con la asignación de horarios dentro del turno y, si bien elegí el miércoles 25/4 también podría concurrir el jueves 26. | T19: Si | U19: No | V19: Jornada simple: sólo turno mañana (9:00 a 12.30 hs.) | W19: Miércoles 24/4 | AR19: Si | AS19: Si | AT19: Si | AU19: No | AV19: Si | AW19: Si | AX19: Si | AY19: No | AZ19: No | BA19: No | BB19: Si | BC19: Si | BD19: Si | BE19: No | BF19: No | BG19: Si | BH19: Si | BI19: No | BJ19: No | BK19: No tengo problema con la asignación de horarios dentro del turno y, si bien elegí el miércoles 25/4 también podría concurrir el jueves 26.
A20: 45363.732 | B20: zelayaandrea@hotmail.com | C20: El Bosque | D20: 6020645.00 | E20: 1. Liceos / Normales / Colegios / Institutos orientados en ciencias naturales y/o exactas | F20: Exactas | G20: Privada | H20: Gliozzi Sandra noemi | I20: . | J20: . | K20: zelayaandrea@hotmail.com | L20: PARTIDOS DEL GRAN BUENOS AIRES-SUR | M20: Almirante Brown | N20: 30 | O20: 6º Secundaria (Prov.) / 5º Media (CABA) | P20: 5 | Q20: 5 | R20: 0 | S20: . | T20: Si | U20: Si | V20: Jornada completa: turno completo (9:00 a 16.00 hs.) | W20: Miércoles 24/4 | AR20: Si | AS20: No | AT20: No | AU20: No | AV20: No | AW20: Si | AX20: No | AY20: No | AZ20: No | BA20: No | BB20: No | BC20: Si | BD20: No | BE20: No | BF20: No | BG20: No | BH20: Si | BI20: No | BJ20: No
A21: 45363.765 | B21: mapaulasuarez@yahoo.com.ar | C21: Instituto Social Militar Dr Dámaso Centeno | D21: 29003000 | E21: 1. Liceos / Normales / Colegios / Institutos orientados en ciencias naturales y/o exactas | F21: Ciencias Naturales y Gestión | G21: Privada | H21: María Paula Suárez | I21: Lisette Mendez | J21: Bruno Bagniole | K21: mapaulasuarez@yahoo.com.ar | L21: CABA | M21: Caballito | N21: 32 | O21: 6º Secundaria (Prov.) / 5º Media (CABA) | P21: 5 | Q21: 5 | R21: 10 | T21: Si | U21: No | V21: Jornada simple: sólo turno mañana (9:00 a 12.30 hs.) | W21: Miércoles 24/4 | AR21: Si | AS21: Si | AT21: Si | AU21: No | AV21: Si | AW21: Si | AX21: Si | AY21: No | AZ21: No | BA21: No | BB21: Si | BC21: Si | BD21: Si | BE21: No | BF21: No | BG21: Si | BH21: Si | BI21: No | BJ21: No
A22: 45363.789 | B22: julieta.pianetti@bue.edu.ar | C22: ESC. TEC. Nº 30 NORBERTO PINERO DE 02 | D22: 020144800 | E22: 6. Técnicas en química y tecnología de alimentos | F22: Quimica | G22: Estatal | H22: Julieta Pianetti | I22: Alejandra Ciarlantini | J22: Lautaro Aquino | K22: julieta.pianetti@bue.edu.ar | L22: CABA | M22: Almagro | N22: 25 | O22: 5º Secundaria (Prov.) / 4º Media (CABA) | P22: 5 | Q22: 5 | R22: 80 | T22: Si | U22: No | V22: Jornada simple: sólo turno mañana (9:00 a 12.30 hs.) | W22: Miércoles 24/4 | AR22: No | AS22: No | AT22: No | AU22: No | AV22: Si | AW22: No | AX22: No | AY22: No | AZ22: No | BA22: No | BB22: No | BC22: Si | BD22: No | BE22: No | BF22: No | BG22: No | BH22: Si | BI22: No | BJ22: No
A23: 45364.033 | B23: lbusso@colegioeltaller.com.ar | C23: Instituto secundario el taller | D23: 200958 | E23: 10. Liceos / Normales / Colegios / Institutos de otras orientaciones | F23: Comunicación | G23: Privada | H23: María Laura Busso | I23: Rosana Novegil | J23: Carolina Puente | K23: lbusso@colegioeltaller.com.ar | L23: CABA | M23: Boedo | N23: 35 | O23: 6º Secundaria (Prov.) / 5º Media (CABA) | P23: 4 | Q23: 4 | R23: 5 | T23: Si | U23: No | V23: Jornada simple: sólo turno mañana (9:00 a 12.30 hs.) | W23: Miércoles 24/4 | AR23: Si | AS23: Si | AT23: No | AU23: Si | AV23: No | AW23: No | AX23: No | AY23: No | AZ23: No | BA23: No | BB23: Si | BC23: No | BD23: No | BE23: No | BF23: No | BG23: Si | BH23: No | BI23: Si | BJ23: Si
A24: 45364.352 | B24: brian.monzon@sagrado-boulogne.edu.ar | C24: Colegio Sagrado Corazón de Jesús | D24: 061211300 | E24: 1. Liceos / Normales / Colegios / Institutos orientados en ciencias naturales y/o exactas | F24: Economía y administración | G24: Privada | H24: Brian Leonel Monzon | I24: Aldana Carboni | K24: brian.monzon@sagrado-boulogne.edu.ar | L24: PARTIDOS DEL GRAN BUENOS AIRES-NORTE | M24: Boulogne | N24: 25 | O24: 6º Secundaria (Prov.) / 5º Media (CABA) | P24: 3 | Q24: 3 | R24: 60 | T24: Si | U24: No | V24: Jornada simple: sólo turno mañana (9:00 a 12.30 hs.) | W24: Miércoles 24/4 | AR24: Si | AS24: Si | AT24: No | AU24: No | AV24: Si | AW24: Si | AX24: No | AY24: No | AZ24: No | BA24: No | BB24: Si | BC24: Si | BD24: No | BE24: No | BF24: No | BG24: Si | BH24: No | BI24: No | BJ24: No
A25: 45364.355 | B25: juliangosatti@holmbergschule.edu.ar | C25: instituto educativo Eduardo L. Holmberg | D25: 060399600 | E25: 1. Liceos / Normales / Colegios / Institutos orientados en ciencias naturales y/o exactas | F25: Ciencias Naturales | G25: Privada | H25: Julián Gosatti | I25: Florencia Rivas | K25: juliangosatti@holmbergschule.edu.ar | L25: PARTIDOS DEL GRAN BUENOS AIRES-SUR | M25: quilmes | N25: 35 | O25: 6º Secundaria (Prov.) / 5º Media (CABA) | P25: 5 | Q25: 5 | R25: 0 | T25: Si | U25: No | V25: Jornada simple: sólo turno mañana (9:00 a 12.30 hs.) | W25: Miércoles 24/4 | AR25: Si | AS25: Si | AT25: Si | AU25: No | AV25: Si | AW25: Si | AX25: Si | AY25: No | AZ25: No | BA25: No | BB25: Si | BC25: Si | BD25: Si | BE25: No | BF25: No | BG25: Si | BH25: Si | BI25: No | BJ25: No
A26: 45364.425 | B26: pamel_7787@hotmail.com | C26: Escuela de educación secundaria N*22 Morón | D26: 060615900 | E26: 1. Liceos / Normales / Colegios / Institutos orientados en ciencias naturales y/o exactas | F26: Naturales | G26: Estatal | H26: Cintia Borda | I26: José Luis Escalante | J26: Ricarte Yanina | K26: pamel_7787@hotmail.com | L26: PARTIDOS DEL GRAN BUENOS AIRES-OESTE | M26: Morón | N26: 35 | O26: 6º Secundaria (Prov.) / 5º Media (CABA) | P26: 3 | Q26: 3 | R26: 85 | S26: Los chicos desean conocer la UBA ya que varios están pensando seguir sus estudios una vez finalizada la secundaria. | T26: Si | U26: No | V26: Jornada simple: sólo turno mañana (9:00 a 12.30 hs.) | W26: Miércoles 24/4 | AR26: No | AS26: No | AT26: No | AU26: No | AV26: Si | AW26: No | AX26: No | AY26: No | AZ26: No | BA26: No | BB26: No | BC26: Si | BD26: No | BE26: No | BF26: No | BG26: No | BH26: Si | BI26: No | BJ26: No | BK26: Aquellas actividades relacionadas con la aplicación de la matemática a la vida cotidiana y la realidad de los chicos es lo que más nos atrae de la muestra
A27: 45364.429 | B27: brian.monzon@sagrado-boulogne.edu.ar | C27: Colegio Sagrado Corazón de Jesús | D27: 061211300 | E27: 1. Liceos / Normales / Colegios / Institutos orientados en ciencias naturales y/o exactas | F27: Ciencias Sociales | G27: Privada | H27: Brian Monzon | I27: Marcelo Citracca | K27: brian.monzon@sagrado-boulogne.edu.ar | L27: PARTIDOS DEL GRAN BUENOS AIRES-NORTE | M27: Boulogne | N27: 30 | O27: 6º Secundaria (Prov.) / 5º Media (CABA) | P27: 3 | Q27: 3 | R27: 60 | T27: Si | U27: No | V27: Jornada simple: sólo turno mañana (9:00 a 12.30 hs.) | W27: Miércoles 24/4 | AR27: Si | AS27: Si | AT27: No | AU27: No | AV27: Si | AW27: Si | AX27: No | AY27: No | AZ27: No | BA27: No | BB27: Si | BC27: Si | BD27: No | BE27: No | BF27: No | BG27: Si | BH27: No | BI27: No | BJ27: No
A28: 45364.441 | B28: luis.barrio@bue.edu.ar | C28: ESC. DE COM. Nº 20 DR. JUAN AGUSTIN GARCIA DE 14 | D28: 20015900 | E28: 10. Liceos / Normales / Colegios / Institutos de otras orientaciones | F28: Administración y Economía | G28: Estatal | H28: Luis Octavio Barrio | I28: David Nuñez Duarte | K28: luis.barrio@bue.edu.ar | L28: CABA | M28: La Paternal | N28: 35 | O28: 6º Secundaria (Prov.) / 5º Media (CABA) | P28: 4 | Q28: 3 | R28: 50 | T28: Si | U28: No | V28: Jornada simple: sólo turno mañana (9:00 a 12.30 hs.) | W28: Miércoles 24/4 | AR28: Si | AS28: Si | AT28: No | AU28: No | AV28: No | AW28: Si | AX28: Si | AY28: No | AZ28: No | BA28: No | BB28: No | BC28: Si | BD28: Si | BE28: No | BF28: No | BG28: No | BH28: No | BI28: No | BJ28: No | BK28: Prioridad: 9:30 Charla 10:30 Taller 11:30 Estaciones interactivas
A29: 45364.444 | B29: yanina.ricarte@gmail.com | C29: Escuela de educacion secundaria n°22 moron | D29: 060615900 | E29: 1. Liceos / Normales / Colegios / Institutos orientados en ciencias naturales y/o exactas | F29: sociales | G29: Estatal | H29: Adriana Yanina ricarte | I29: Cintia borda | J29: Jose luis escalante | K29: yanina.ricarte@gmail.com | L29: PARTIDOS DEL GRAN BUENOS AIRES-OESTE | M29: Moron | N29: 25 | O29: 6º Secundaria (Prov.) / 5º Media (CABA) | P29: 3 | Q29: 3 | R29: 85 | T29: Si | U29: No | V29: Jornada simple: sólo turno mañana (9:00 a 12.30 hs.) | W29: Miércoles 24/4 | AR29: No | AS29: No | AT29: No | AU29: No | AV29: Si | AW29: No | AX29: No | AY29: No | AZ29: No | BA29: No | BB29: No | BC29: Si | BD29: No | BE29: No | BF29: No | BG29: No | BH29: Si | BI29: No | BJ29: No
A30: 45364.807 | B30: gladys.cristina.albano@gmail.com | C30: Instituto Nuestra Señora del Milagro | D30: 020167500 | E30: 9. Liceos / Normales / Colegios / Institutos orientados en ciencias sociales y/o humanidades | F30: Humanidades | G30: Privada | H30: Gladys Cristina Albano | I30: Gladys Cristina Albano | J30: Gabriela Lopez | K30: gladys.cristina.albano@gmail.com | L30: CABA | M30: Villa Luro | N30: 24 | O30: 5º Secundaria (Prov.) / 4º Media (CABA) | P30: 4 | Q30: 5 | R30: 0 | T30: Si | U30: No | V30: Jornada simple: sólo turno mañana (9:00 a 12.30 hs.) | W30: Miércoles 24/4 | AR30: Si | AS30: No | AT30: No | AU30: No | AV30: No | AW30: Si | AX30: No | AY30: No | AZ30: No | BA30: No | BB30: No | BC30: No | BD30: Si | BE30: No | BF30: No | BG30: No | BH30: Si | BI30: No | BJ30: No
A31: 45364.951 | B31: marisaleg2020@gmail.com | C31: Escuela de educación superior técnica N°3 "Japón" | D31: 0605618 | E31: 2. Técnicas en computación, electrónica, informática | F31: Electromecánica | G31: Estatal | H31: Marisa Leguizamón | I31: Silvia Villalba | J31: Gladys Giordana | K31: marisaleg2020@gmail.com | L31: PARTIDOS DEL GRAN BUENOS AIRES-OESTE | M31: San Miguel | N31: 32 | O31: 4º Secundaria (Prov:) / 3º Media (CABA) | P31: 2 | Q31: 2 | R31: 15 | S31: Ninguno | T31: Si | U31: Si | V31: Jornada completa: turno completo (9:00 a 16.00 hs.) | W31: Miércoles 24/4 | AR31: Si | AS31: No | AT31: Si | AU31: No | AV31: No | AW31: Si | AX31: No | AY31: Si | AZ31: No | BA31: Si | BB31: Si | BC31: No | BD31: No | BE31: Si | BF31: Si | BG31: Si | BH31: No | BI31: No | BJ31: Si
A32: 45365.339 | B32: mabeneto@gmail.com | C32: Escuela de Educación Secundaria Técnica Juan XXIII | D32: 60929900 | E32: 5. Técnicas área producción (electromecánica, mecánica, metalurgia, electricidad, automotores, refrigeración, construcciones, maestro mayor de obras, aeronáutica, naval, aviónico, óptico, en geografía matemática) | F32: Electromecánica | G32: Estatal | H32: Mabel Neto | I32: Norma Randone | J32: Fernanda Ruta | K32: mabeneto@gmail.com | L32: PARTIDOS DEL GRAN BUENOS AIRES-OESTE | M32: Marcos Paz | N32: 35 | O32: 6º Secundaria (Prov.) / 5º Media (CABA) | P32: 5 | Q32: 3 | R32: 50 | T32: Si | U32: Si | V32: Jornada completa: turno completo (9:00 a 16.00 hs.) | W32: Miércoles 24/4 | AR32: No | AS32: No | AT32: Si | AU32: Si | AV32: No | AW32: No | AX32: Si | AY32: Si | AZ32: Si | BA32: Si | BB32: No | BC32: No | BD32: Si | BE32: Si | BF32: Si | BG32: No | BH32: Si | BI32: Si | BJ32: Si
A33: 45365.364 | B33: 045c.arciello@companiademaria.edu.ar | C33: INSTITUTO COMPAÑIA DE MARIA | D33: 020099900 | E33: 9. Liceos / Normales / Colegios / Institutos orientados en ciencias sociales y/o humanidades | F33: Bachiller en Ciencias Sociales y Humanidades | G33: Privada | H33: Carolina Arciello | I33: Martin Carrano | J33: Anabella Lange | K33: caroarciello@gmail.com | L33: CABA | M33: Colegiales | N33: 35 | O33: 6º Secundaria (Prov.) / 5º Media (CABA) | P33: 5 | Q33: 4 | R33: 20 | T33: Si | U33: No | V33: Jornada simple: sólo turno mañana (9:00 a 12.30 hs.) | W33: Miércoles 24/4 | AR33: Si | AS33: Si | AT33: Si | AU33: No | AV33: Si | AW33: Si | AX33: Si | AY33: No | AZ33: No | BA33: No | BB33: Si | BC33: Si | BD33: Si | BE33: No | BF33: No | BG33: Si | BH33: Si | BI33: No | BJ33: No
A34: 45365.365 | B34: 045c.arciello@companiademaria.edu.ar | C34: INSTITUTO COMPAÑIA DE MARIA | D34: 020099900 | E34: 10. Liceos / Normales / Colegios / Institutos de otras orientaciones | F34: Bachiller en Economía y Administración | G34: Privada | H34: Carolina Arciello | I34: Martín Carrano | J34: Anabella Lange | K34: caroarciello@gmail.com | L34: CABA | M34: Colegiales | N34: 35 | O34: 6º Secundaria (Prov.) / 5º Media (CABA) | P34: 5 | Q34: 4 | R34: 20 | T34: Si | U34: No | V34: Jornada simple: sólo turno mañana (9:00 a 12.30 hs.) | W34: Miércoles 24/4 | AR34: Si | AS34: Si | AT34: Si | AU34: No | AV34: Si | AW34: Si | AX34: Si | AY34: No | AZ34: No | BA34: No | BB34: Si | BC34: Si | BD34: Si | BE34: No | BF34: No | BG34: Si | BH34: Si | BI34: No | BJ34: No
A35: 45365.418 | B35: soledadcabodevila@docentes.sanmaron.edu.ar | C35: Instituto San Marón | D35: 20056200 | E35: 9. Liceos / Normales / Colegios / Institutos orientados en ciencias sociales y/o humanidades | F35: Ciencias Sociales y Humanidades | G35: Privada | H35: Soledad Cabodevila | I35: Cecilia Díaz | K35: soledadcabodevila@docentes.sanmaron.edu.ar | L35: CABA | M35: San Nicolás | N35: 11 | O35: 6º Secundaria (Prov.) / 5º Media (CABA) | P35: 3 | Q35: 4 | R35: 10 | T35: Si | U35: No | V35: Jornada simple: sólo turno mañana (9:00 a 12.30 hs.) | W35: Miércoles 24/4 | AR35: Si | AS35: Si | AT35: Si | AU35: No | AV35: Si | AW35: Si | AX35: Si | AY35: Si | AZ35: No | BA35: No | BB35: Si | BC35: Si | BD35: Si | BE35: No | BF35: No | BG35: No | BH35: No | BI35: No | BJ35: No
A36: 45365.488 | B36: felipe.saenzpaz@escueladelmirador.edu.ar | C36: Escuela del Mirador | D36: 20086200 | E36: 9. Liceos / Normales / Colegios / Institutos orientados en ciencias sociales y/o humanidades | F36: En Ciencias Sociales y Humanidades. Educación bilingüe en inglés | G36: Privada | H36: Felipe Saenz Paz | I36: Veronica Mollinari | K36: felipe.saenzpaz@escueladelmirador.edu.ar | L36: CABA | M36: Villa Devoto | N36: 25 | O36: 5º Secundaria (Prov.) / 4º Media (CABA) | P36: 5 | Q36: 3 | R36: 5 | T36: Si | U36: No | V36: Jornada simple: sólo turno mañana (9:00 a 12.30 hs.) | W36: Miércoles 24/4 | AR36: Si | AS36: No | AT36: No | AU36: No | AV36: No | AW36: Si | AX36: No | AY36: No | AZ36: No | BA36: No
A37: 45365.49 | B37: felipe.saenzpaz@escueladelmirador.edu.ar | C37: Escuela del Mirador | D37: 20086200 | E37: 9. Liceos / Normales / Colegios / Institutos orientados en ciencias sociales y/o humanidades | F37: En Ciencias Sociales y Humanidades. Educación bilingüe en inglés | G37: Privada | H37: Felipe Saenz Paz | I37: Veronica Mollineri | K37: felipe.saenzpaz@escueladelmirador.edu.ar | L37: CABA | M37: Villa Devoto | N37: 24 | O37: 6º Secundaria (Prov.) / 5º Media (CABA) | P37: 5 | Q37: 3 | R37: 5 | T37: Si | U37: No | V37: Jornada simple: sólo turno mañana (9:00 a 12.30 hs.) | W37: Miércoles 24/4 | AR37: Si | AS37: No | AT37: No | AU37: No | AV37: No | AW37: Si | AX37: No | AY37: No | AZ37: No | BA37: No
A38: 45365.493 | B38: felipe.saenzpaz@escueladelmirador.edu.ar | C38: Escuela del Mirador | D38: 20086200 | E38: 9. Liceos / Normales / Colegios / Institutos orientados en ciencias sociales y/o humanidades | F38: En Ciencias Sociales y Humanidades. Educación bilingüe en inglés | G38: Privada | H38: Felipe Saenz Paz | I38: Veronica Mollinari | K38: felipe.saenzpaz@escueladelmirador.edu.ar | L38: CABA | M38: Villa Devoto | N38: 25 | O38: 6º Secundaria (Prov.) / 5º Media (CABA) | P38: 5 | Q38: 3 | R38: 5 | T38: Si | U38: No | V38: Jornada simple: sólo turno mañana (9:00 a 12.30 hs.) | W38: Miércoles 24/4 | AR38: Si | AS38: No | AT38: No | AU38: No | AV38: No | AW38: Si | AX38: No | AY38: No | AZ38: No | BA38: No
A39: 45365.581 | B39: jp.alvarez29@gmail.com | C39: Instituto Parroquial Cristo Obrero | D39: 0605718 | E39: 9. Liceos / Normales / Colegios / Institutos orientados en ciencias sociales y/o humanidades | F39: Sociales | G39: Privada | H39: Juan Pablo Alvarez | I39: Vanina Barbera | K39: jp.alvarez29@gmail.com | L39: PARTIDOS DEL GRAN BUENOS AIRES-OESTE | M39: Haedo, Morón | N39: 35 | O39: 6º Secundaria (Prov.) / 5º Media (CABA) | P39: 3 | Q39: 2 | R39: 75 | T39: Si | U39: No | V39: Jornada simple: sólo turno mañana (9:00 a 12.30 hs.) | W39: Miércoles 24/4 | AR39: Si | AS39: No | AT39: No | AU39: No | AV39: No | AW39: Si | AX39: No | AY39: No | AZ39: No | BA39: No | BB39: No | BC39: No | BD39: No | BE39: Si | BF39: No | BG39: No | BH39: Si | BI39: No | BJ39: No
A40: 45365.595 | B40: eri.bet.80@gmail.com | C40: EES27 de José C. Paz | D40: 061744400 | E40: 1. Liceos / Normales / Colegios / Institutos orientados en ciencias naturales y/o exactas | F40: Cs Naturales | G40: Estatal | H40: Pogonza Erica | I40: Ferrier Leris | J40: Núñez Vanesa | K40: eri.bet.80@gmail.com | L40: PARTIDOS DEL GRAN BUENOS AIRES-NORTE | M40: San Gabriel | N40: 35 | O40: 6º Secundaria (Prov.) / 5º Media (CABA) | P40: 1 | Q40: 1 | R40: 90 | T40: Si | U40: No | V40: Jornada simple: sólo turno mañana (9:00 a 12.30 hs.) | W40: Miércoles 24/4 | AR40: Si | AS40: Si | AT40: Si | AU40: Si | AV40: Si | AW40: Si | AX40: Si | AY40: Si | AZ40: Si | BA40: Si | BB40: Si | BC40: Si | BD40: Si | BG40: Si | BH40: Si | BI40: Si
A41: 45365.802 | B41: normabcer@hotmail.com | C41: Instituto Parroquial Cristo Obrero | D41: 0605718 | E41: 9. Liceos / Normales / Colegios / Institutos orientados en ciencias sociales y/o humanidades | F41: Secundaria con orientación en Ciencias Sociales | G41: Privada | H41: Norma Certo | I41: Walter Francitorra | J41: Juan Álvarez | K41: normabcer@hotmail.com | L41: PARTIDOS DEL GRAN BUENOS AIRES-OESTE | M41: Haedo | N41: 35 | O41: 6º Secundaria (Prov.) / 5º Media (CABA) | P41: 4 | Q41: 3 | R41: 10 | T41: Si | U41: No | V41: Jornada simple: sólo turno mañana (9:00 a 12.30 hs.) | W41: Miércoles 24/4 | AR41: Si | AS41: No | AT41: No | AU41: No | AV41: No | AW41: Si | AX41: No | AY41: No | AZ41: No | BA41: No | BB41: No | BC41: No | BD41: Si | BE41: No | BF41: No | BG41: No | BH41: No | BI41: Si | BJ41: No
A42: 45365.809 | B42: Atoranza@icristoobrero.edu.ar | C42: Instituto Parroquial Cristo Obrero | D42: 0605718 | E42: 1. Liceos / Normales / Colegios / Institutos orientados en ciencias naturales y/o exactas | F42: Economía y Administración de empresas/ Ciencias Sociales | G42: Privada | H42: Toranza Antonella Aylen | I42: Gonzalez Daniela (preceptora) | J42: Martinez Mariela (vice) | K42: atoranza@hotmail.com | L42: PARTIDOS DEL GRAN BUENOS AIRES-OESTE | M42: Haedo | N42: 35 | O42: 6º Secundaria (Prov.) / 5º Media (CABA) | P42: 3 | Q42: 1 | R42: 10 | T42: Si | U42: No | V42: Jornada simple: sólo turno mañana (9:00 a 12.30 hs.) | W42: Miércoles 24/4 | AR42: Si | AS42: Si | AT42: No | AU42: Si | AV42: Si | AW42: Si | AX42: No | AY42: No | AZ42: Si | BA42: Si | BB42: Si | BC42: Si | BD42: No | BE42: Si | BF42: Si | BG42: Si | BH42: No | BI42: Si | BJ42: Si
A43: 45365.998 | B43: jzalla@abc.gob.ar | C43: EEST N°10 | D43: 60551700 | E43: 2. Técnicas en computación, electrónica, informática | F43: INFORMATICA | G43: Estatal | H43: GABRIEL ZALLA | I43: LUCIANA DI MARE | J43: CAROLA RODRIGUEZ | K43: jzalla@abc.gob.ar | L43: PARTIDOS DEL GRAN BUENOS AIRES-OESTE | M43: VILLA MADERO | N43: 35 | O43: 3º Secundaria (Prov.) / 2º Media (CABA) | P43: 3 | Q43: 4 | R43: 75 | T43: No | U43: Si | V43: Jornada simple: sólo turno tarde (12.30 a 16:00 hs.) | W43: Miércoles 24/4 | AR43: No | AS43: No | AT43: Si | AU43: Si | AV43: No | AW43: No | AX43: No | AY43: Si | AZ43: Si | BA43: Si | BB43: No | BC43: No | BD43: Si | BE43: Si | BF43: Si | BG43: No | BH43: Si | BI43: Si | BJ43: Si
A44: 45366.05 | B44: lencinaluisalberto@gmail.com | C44: EES 15 - La Calandria | D44: 061544600 | E44: 9. Liceos / Normales / Colegios / Institutos orientados en ciencias sociales y/o humanidades | F44: Cs. Sociales | G44: Estatal | H44: Lencina Luis | I44: Quevedo Matias | J44: Quintana Alejandro | K44: lencinaluisalberto@gmail.com | L44: PARTIDOS DEL GRAN BUENOS AIRES-SUR | M44: San José, Alte. Brown | N44: 35 | O44: 6º Secundaria (Prov.) / 5º Media (CABA) | P44: 5 | Q44: 3 | R44: 60 | T44: Si | U44: No | V44: Jornada simple: sólo turno mañana (9:00 a 12.30 hs.) | W44: Miércoles 24/4 | AR44: No | AS44: No | AT44: Si | AU44: No | AV44: Si | AW44: Si | AX44: No | AY44: No | AZ44: No | BA44: No | BB44: Si | BC44: Si | BD44: No | BE44: No | BF44: No | BG44: No | BH44: No | BI44: Si | BJ44: No
A45: 45366.393 | B45: velz2017@gmail.com | C45: EES N° 98 | D45: 061749800 | E45: 10. Liceos / Normales / Colegios / Institutos de otras orientaciones | F45: Ciencias Sociales | G45: Estatal | H45: Viviana Leaños | I45: Veronica Soler | K45: velz2017@gmail.com | L45: PARTIDOS DEL GRAN BUENOS AIRES-OESTE | M45: Isidro Casanova | N45: 35 | O45: 6º Secundaria (Prov.) / 5º Media (CABA) | P45: 2 | Q45: 2 | R45: 80 | T45: Si | U45: Si | V45: Jornada completa: turno completo (9:00 a 16.00 hs.) | W45: Miércoles 24/4 | AR45: No | AS45: Si | AT45: No | AU45: No | AV45: No | AW45: No | AX45: Si | AY45: No | AZ45: No | BA45: No | BE45: Si | BG45: No | BH45: No | BI45: No | BJ45: No
A46: 45366.422 | B46: cfp10bachiller@gmail.com | C46: cfp nº10 BACHILLER CON ORIENTACIÓN EN INFORMÁTICA | D46: 0200200700 | E46: 2. Técnicas en computación, electrónica, informática | F46: iNFORMÁTICA | G46: Estatal | H46: MARISA MARIANI | I46: NADIA CURA | J46: JUAN MIGUEZ | K46: CFP10BACHILLER@GMAIL.COM | L46: CABA | M46: MICROCENTRO | N46: 30 | O46: 5º Secundaria (Prov.) / 4º Media (CABA) | P46: 4 | Q46: 1 | R46: 84 | S46: sOMOS UN SECUNDARIO DE TERMINALIDAD SECUNDARIA | T46: Si | U46: No | V46: Jornada simple: sólo turno mañana (9:00 a 12.30 hs.) | W46: Miércoles 24/4 | AR46: Si | AS46: No | AT46: No | AU46: No | AV46: No | AW46: Si | AX46: Si | AY46: No | AZ46: No | BA46: No | BB46: No | BC46: Si | BD46: No | BE46: No | BF46: No | BG46: No | BH46: Si | BI46: No | BJ46: No | BK46: ES IMPERIOSO PARA NOSOTROS CONCURRIR POR LA MAÑANA
A47: 45366.606 | B47: veroale1985@yahoo.com.ar | C47: Escuela de Educación Secundaria N°102(E.E.S N°102) | D47: 061855100 | E47: 10. Liceos / Normales / Colegios / Institutos de otras orientaciones | F47: Es la Escuela de Educación Secundaria y la modalidad es Economía y Administración | G47: Estatal | H47: Miranda Calderón Verónica | I47: Maidana Susana | J47: Delgado Gabriela | K47: veroale1985@yahoo.com.ar | L47: PARTIDOS DEL GRAN BUENOS AIRES-OESTE | M47: Gonzalez Catan Barrio: Independencia | N47: 35 | O47: 6º Secundaria (Prov.) / 5º Media (CABA) | P47: 4 | Q47: 2 | R47: 90 | T47: Si | U47: Si | V47: Jornada completa: turno completo (9:00 a 16.00 hs.) | W47: Miércoles 24/4 | AR47: No | AS47: Si | AT47: No | AU47: No | AV47: No | AW47: No | AX47: No | AY47: Si | AZ47: No | BA47: No | BB47: No | BC47: No | BD47: No | BE47: Si | BF47: No | BG47: No | BH47: Si | BI47: No | BJ47: No
A48: 45366.678 | B48: veronica.basualdo@bue.edu.ar | C48: Escuela de Comercio N° 12 DE 21 | D48: 20063700 | E48: 3. Técnicas en administración de empresas, administración de las organizaciones, servicios turísticos, multimedios | F48: Administración Contable | G48: Estatal | H48: Jimena Leal | I48: Selene Barraza | J48: Julieta Iovaldi | K48: veronica.basualdo@bue.edu.ar | L48: CABA | M48: Villa Lugano | N48: 35 | O48: 5º Secundaria (Prov.) / 4º Media (CABA) | P48: 4 | Q48: 4 | R48: 80 | S48: Es una excelente propuesta didáctica para los y las estdiantes | T48: No | U48: Si | V48: Jornada simple: sólo turno tarde (12.30 a 16:00 hs.) | W48: Miércoles 24/4 | AR48: No | AS48: No | AT48: No | AU48: Si | AV48: No | AW48: No | AX48: No | AY48: No | AZ48: No | BA48: Si | BB48: No | BC48: No | BD48: No | BE48: No | BF48: No | BG48: No | BH48: No | BI48: No | BJ48: Si | BK48: La facultad favorece el acercamiento de los y las estudiantes de la escuela media a la propuesta académica universitaria que permite otro encuentro de aprendizaje en el campo de la Matemática
A49: 45366.704 | B49: andreromero6@abc.gob.ar | C49: ESCUELA SECUNDARIA N°2 "Hernando Arias de Saavedra" | D49: 060765300 | E49: 1. Liceos / Normales / Colegios / Institutos orientados en ciencias naturales y/o exactas | F49: Sociales Naturales Arte Economía | G49: Estatal | H49: Romero Andrea | I49: Quintana Andrea | J49: Cerutti Romina | K49: secundaria2sanfernando@abc.gob.ar | L49: PARTIDOS DEL GRAN BUENOS AIRES-NORTE | M49: Victoria | N49: 35 | O49: 5º Secundaria (Prov.) / 4º Media (CABA) | P49: 3 | Q49: 3 | R49: 50 | S49: Consultar si disponen de transporte para traslado | T49: Si | U49: No | V49: Jornada simple: sólo turno mañana (9:00 a 12.30 hs.) | W49: Miércoles 24/4 | AR49: Si | AS49: Si | AT49: Si | AU49: No | AV49: Si | AW49: Si | AX49: Si | AY49: Si | AZ49: No | BA49: No | BB49: Si | BC49: Si | BD49: Si | BE49: No | BF49: No | BG49: Si | BH49: Si | BI49: No | BJ49: No
A50: 45366.774 | B50: larroudev@gmail.com | C50: Instituto Casa de Jesús | D50: 020042000 | E50: 10. Liceos / Normales / Colegios / Institutos de otras orientaciones | F50: Economía e Informática | G50: Privada | H50: Victoria Larroudé | I50: Fabiana Scala | K50: larroudev@gmail.com | L50: CABA | M50: Almagro | N50: 28 | O50: 6º Secundaria (Prov.) / 5º Media (CABA) | P50: 5 | Q50: 4 | R50: 20 | T50: Si | U50: No | V50: Jornada simple: sólo turno mañana (9:00 a 12.30 hs.) | W50: Miércoles 24/4 | AR50: No | AS50: No | AT50: No | AU50: No | AV50: No | AW50: Si | AX50: No | AY50: No | AZ50: No | BA50: No | BB50: No | BC50: No | BD50: Si | BE50: No | BF50: No
A51: 45367.486 | B51: melisa.vega@bue.edu.ar | C51: Colegio 4 D.E 9 "Nicolás Avellaneda" | D51: 201041 | E51: 1. Liceos / Normales / Colegios / Institutos orientados en ciencias naturales y/o exactas | F51: Ciencias Naturales. | G51: Estatal | H51: Melisa Mariel Vega | I51: Gilda Karina Espinoza | J51: Verónica Mariana Corral | K51: melisa.vega@bue.edu.ar | L51: CABA | M51: Palermo. | N51: 25 | O51: 6º Secundaria (Prov.) / 5º Media (CABA) | P51: 3 | Q51: 3 | R51: 60 | T51: Si | U51: No | V51: Jornada simple: sólo turno mañana (9:00 a 12.30 hs.) | W51: Miércoles 24/4 | AR51: Si | AS51: Si | AT51: No | AU51: No | AV51: Si | AW51: Si | AX51: Si | AY51: No | AZ51: No | BA51: No | BB51: Si | BC51: Si | BD51: No | BE51: No | BF51: No | BG51: Si | BH51: Si | BI51: No | BJ51: No
A52: 45367.489 | B52: melisa.vega@bue.edu.ar | C52: Colegio 4 D.E. 9 "Nicolas Avellaneda" | D52: 201041 | E52: 1. Liceos / Normales / Colegios / Institutos orientados en ciencias naturales y/o exactas | F52: Ciencias Naturales. | G52: Estatal | H52: Melisa Mariel Vega | I52: Gilda Karina Espinoza | J52: Verónica Mariana Corral | K52: melisa.vega@bue.edu.ar | L52: CABA | M52: Palermo. | N52: 20. | O52: 5º Secundaria (Prov.) / 4º Media (CABA) | P52: 3 | Q52: 3 | R52: 60 | T52: Si | U52: No | V52: Jornada simple: sólo turno mañana (9:00 a 12.30 hs.) | W52: Miércoles 24/4 | AR52: Si | AS52: Si | AT52: No | AU52: No | AV52: Si | AW52: Si | AX52: Si | AY52: No | AZ52: No | BA52: No | BB52: Si | BC52: Si | BD52: No | BE52: No | BF52: No | BG52: Si | BH52: Si | BI52: No | BJ52: No
A53: 45367.492 | B53: flavia.huanuco@bue.edu.ar | C53: Esc. 17 DE 13 ESC. TEC. Nº 17 BRIG.GRAL CORNELIO SAAVEDRA DE 13 | D53: 20116900 | E53: 5. Técnicas área producción (electromecánica, mecánica, metalurgia, electricidad, automotores, refrigeración, construcciones, maestro mayor de obras, aeronáutica, naval, aviónico, óptico, en geografía matemática) | F53: Maestro mayor de obra | G53: Estatal | H53: Flavia Huanuco | I53: Sandra Navarro | K53: flavia.huanuco@bue.edu.ar | L53: CABA | M53: Parque Avellaneda | N53: 35 | O53: 5º Secundaria (Prov.) / 4º Media (CABA) | P53: 5 | Q53: 4 | R53: 50 | T53: Si | U53: Si | V53: Jornada completa: turno completo (9:00 a 16.00 hs.) | W53: Miércoles 24/4 | AR53: Si | AS53: Si | AT53: Si | AU53: Si | AV53: Si | AW53: Si | AX53: Si | AY53: Si | AZ53: Si | BA53: Si | BB53: Si | BC53: Si | BD53: Si | BE53: Si | BF53: Si | BG53: Si | BH53: Si | BI53: Si | BJ53: Si
A54: 45368.381 | B54: dekergustavo@gmail.com | C54: Instituto La Candelaria | D54: 020017800 | E54: 10. Liceos / Normales / Colegios / Institutos de otras orientaciones | F54: Economía | G54: Privada | H54: Gustavo Deker | I54: Florencia Carabajal | J54: Marcelo Collavino | K54: dekergustavo@gmail.com | L54: CABA | M54: Floresta | N54: 25 | O54: 5º Secundaria (Prov.) / 4º Media (CABA) | P54: 3 | Q54: 2 | R54: 10 | T54: Si | U54: No | V54: Jornada simple: sólo turno mañana (9:00 a 12.30 hs.) | W54: Miércoles 24/4 | AR54: Si | AS54: Si | AT54: Si | AU54: No | AV54: Si | AW54: Si | AX54: Si | AY54: Si | AZ54: No | BA54: No | BB54: Si | BC54: Si | BD54: Si | BE54: No | BF54: No | BG54: No | BH54: No | BI54: No | BJ54: No
A55: 45368.408 | B55: florenciainescarbajal@gmail.com | C55: INSTITUTO LA CANDELARIA | D55: 020017800 | E55: 1. Liceos / Normales / Colegios / Institutos orientados en ciencias naturales y/o exactas | F55: ECONOMÍA | G55: Privada | H55: Florencia Carbajal | I55: Gustavo Deker | J55: Marcelo Collavino | K55: florenciainescarbjal@gmail.com | L55: CABA | M55: Floresta | N55: 24 | O55: 6º Secundaria (Prov.) / 5º Media (CABA) | P55: 3 | Q55: 2 | R55: 30 | T55: Si | U55: No | V55: Jornada simple: sólo turno mañana (9:00 a 12.30 hs.) | W55: Miércoles 24/4 | AR55: Si | AS55: Si | AT55: Si | AU55: No | AV55: Si | AW55: Si | AX55: Si | AY55: Si | AZ55: No | BA55: No | BB55: Si | BC55: Si | BD55: Si | BE55: No | BF55: No | BG55: No | BH55: No | BI55: No | BJ55: No
A56: 45368.41 | B56: florenciainescarbajal@gmail.com | C56: INSTITUTO LA CANDELARIA | D56: 020017800 | E56: 9. Liceos / Normales / Colegios / Institutos orientados en ciencias sociales y/o humanidades | F56: CIENCIAS SOCIALES | G56: Privada | H56: Florencia Carbajal | I56: Marcelo Collavino | J56: Gustavo Deker | K56: florenciainescarbajal@gmail.com | L56: CABA | M56: Floresta | N56: 30 | O56: 6º Secundaria (Prov.) / 5º Media (CABA) | P56: 3 | Q56: 2 | R56: 30 | T56: Si | U56: No | V56: Jornada simple: sólo turno mañana (9:00 a 12.30 hs.) | W56: Miércoles 24/4 | AR56: Si | AS56: Si | AT56: Si | AU56: No | AV56: Si | AW56: Si | AX56: Si | AY56: Si | AZ56: No | BA56: No | BB56: Si | BC56: Si | BD56: Si | BE56: No | BF56: No | BG56: No | BH56: No | BI56: No | BJ56: No
A57: 45368.412 | B57: florenciainescarbajal@gmail.com | C57: INSTITUTO LA CANDELARIA | D57: 020017800 | E57: 10. Liceos / Normales / Colegios / Institutos de otras orientaciones | F57: COMUNICACIÓN | G57: Privada | H57: Florencia Carbajal | I57: Marcelo Collavino | J57: Gustavo Deker | K57: florenciainescarbajal@gmail.com | L57: CABA | M57: Floresta | N57: 21 | O57: 6º Secundaria (Prov.) / 5º Media (CABA) | P57: 3 | Q57: 2 | R57: 30 | T57: Si | U57: No | V57: Jornada simple: sólo turno mañana (9:00 a 12.30 hs.) | W57: Miércoles 24/4 | AR57: Si | AS57: Si | AT57: Si | AU57: No | AV57: Si | AW57: Si | AX57: Si | AY57: Si | AZ57: No | BA57: No | BB57: Si | BC57: Si | BD57: Si | BE57: No | BF57: No | BG57: No | BH57: No | BI57: No | BJ57: No
A58: 45368.663 | B58: cdpatzi@colegioesquiu.edu.ar | C58: INSTITUTO ESQUIU | D58: 020097600 | E58: 3. Técnicas en administración de empresas, administración de las organizaciones, servicios turísticos, multimedios | F58: Contables | G58: Privada | H58: Cristian Marcos Diaz Patzi | I58: Luciana Belossi | K58: cdpatzi@colegioesquiu.edu.ar | L58: CABA | M58: Palermo | N58: 20 | O58: 6º Secundaria (Prov.) / 5º Media (CABA) | P58: 5 | Q58: 5 | R58: 0 | T58: Si | U58: No | V58: Jornada simple: sólo turno mañana (9:00 a 12.30 hs.) | W58: Miércoles 24/4 | AR58: Si | AS58: No | AT58: No | AU58: No | AV58: No | AW58: Si | AX58: No | AY58: No | AZ58: No | BA58: No | BB58: No | BC58: Si | BD58: No | BE58: No | BF58: No | BG58: No | BH58: No | BI58: No | BJ58: No
A59: 45368.666 | B59: cdpatzi@colegioesquiu.edu.ar | C59: INSTITUTO ESQUIU | D59: 020097600 | E59: 9. Liceos / Normales / Colegios / Institutos orientados en ciencias sociales y/o humanidades | F59: Ciencias Sociales | G59: Privada | H59: Cristian Marcos Diaz Patzi | I59: Luciana Belossi | K59: cdpatzi@colegioesquiu.edu.ar | L59: CABA | M59: Palermo | N59: 17 | O59: 6º Secundaria (Prov.) / 5º Media (CABA) | P59: 5 | Q59: 5 | R59: 0 | T59: Si | U59: No | V59: Jornada simple: sólo turno mañana (9:00 a 12.30 hs.) | W59: Miércoles 24/4 | AR59: No | AS59: Si | AT59: No | AU59: No | AV59: Si | AW59: No | AX59: No | AY59: No | AZ59: No | BA59: No | BB59: No | BC59: Si | BD59: No | BE59: No | BF59: No | BG59: No | BH59: No | BI59: No | BJ59: No
A60: 45368.813 | B60: diroldan@abc.gob.ar | C60: E.E.S. N°29 "DR. ESTEBAN MARADONA" | D60: 061744300 | E60: 10. Liceos / Normales / Colegios / Institutos de otras orientaciones | F60: ORIENTACIÓN EN ECONOMÍA Y GESTIÓN | G60: Estatal | H60: DIEGO ROLDAN | I60: ROMERO ROXANA | J60: PAVON MIRTA | K60: diroldan@abc.gob.ar | L60: PARTIDOS DEL GRAN BUENOS AIRES-NORTE | M60: JOSE C. PAZ | N60: 35 | O60: 6º Secundaria (Prov.) / 5º Media (CABA) | P60: 3 | Q60: 1 | R60: 70 | S60: Nuestra comunidad está compuesta por familias de bajo recursos económicos, y por ese motivo no pueden solventar una salida de este tipo. Así que estamos muy agradecidos de esta oportunidad que se nos brinda y esperamos con ansias la confirmación de la salida. | T60: Si | U60: Si | V60: Jornada completa: turno completo (9:00 a 16.00 hs.) | W60: Miércoles 24/4 | AR60: Si | AS60: No | AT60: No | AU60: No | AV60: No | AW60: Si | AX60: No | AY60: No | AZ60: No | BA60: No | BB60: No | BC60: No | BD60: Si | BE60: No | BF60: No | BG60: No | BH60: No | BI60: Si | BJ60: No | BK60: Muchas gracias.
A61: 45368.823 | B61: paolaf@proyeccionxxi.com.ar | C61: Instituto Proyección XXI | D61: 062217900 | E61: 9. Liceos / Normales / Colegios / Institutos orientados en ciencias sociales y/o humanidades | F61: Ciencias sociales | G61: Privada | H61: Maria Paola Flosi | I61: Estrella Lopez | J61: Eliana Panzeri | K61: paolaf@proyeccionxxi.com.ar | L61: PARTIDOS DEL GRAN BUENOS AIRES-SUR | M61: Quilmes - Bernal oeste | N61: 28 | O61: 5º Secundaria (Prov.) / 4º Media (CABA) | P61: 5 | Q61: 3 | R61: 30 | T61: Si | U61: No | V61: Jornada simple: sólo turno mañana (9:00 a 12.30 hs.) | W61: Miércoles 24/4 | AR61: Si | AS61: No | AT61: No | AU61: No | AV61: No | AW61: No | AX61: Si | AY61: Si | AZ61: No | BA61: No | BB61: No | BC61: No | BD61: Si | BE61: Si | BF61: No | BG61: Si | BH61: Si | BI61: No | BJ61: No
A62: 45369.357 | B62: siomaralaghi@gmail.com | C62: Instituto Sáenz | D62: 051 | E62: 1. Liceos / Normales / Colegios / Institutos orientados en ciencias naturales y/o exactas | F62: Ciencias naturales | G62: Privada | H62: Stella Fernández | I62: Marisa Álvarez | J62: Mauro Uranga | K62: siomaralaghi@gmail.com | L62: PARTIDOS DEL GRAN BUENOS AIRES-NORTE | M62: Lomas de Zamora | N62: 34 | O62: 5º Secundaria (Prov.) / 4º Media (CABA) | P62: 2 | Q62: 3 | R62: 50 | T62: Si | U62: No | V62: Jornada simple: sólo turno mañana (9:00 a 12.30 hs.) | W62: Miércoles 24/4 | AR62: Si | AS62: Si | AT62: Si | AU62: No | AV62: Si | AW62: Si | AX62: Si | AY62: No | AZ62: No | BA62: No | BB62: Si | BC62: Si | BD62: Si | BE62: No | BF62: No | BG62: Si | BH62: Si | BI62: No | BJ62: No
A63: 45369.442 | B63: cecilia.nieves@colegioriodelaplata.edu.ar | C63: COLEGIO RIO DE LA PLATA | D63: 020092200 | E63: 10. Liceos / Normales / Colegios / Institutos de otras orientaciones | F63: Bachiller bulingue con orientacion en Economia y Administracion | G63: Privada | H63: Veronica Spraggon | I63: Marco Beretta | J63: Ariel Gercovich | K63: cecilia.nieves@colegioriodelaplata.edu.ar | L63: CABA | M63: Recoleta | N63: 28 | O63: 5º Secundaria (Prov.) / 4º Media (CABA) | P63: 5 | Q63: 3 | R63: 2 | T63: Si | U63: Si | V63: Jornada completa: turno completo (9:00 a 16.00 hs.) | W63: Miércoles 24/4 | AR63: No | AS63: No | AT63: Si | AU63: Si | AV63: No | AW63: No | AX63: Si | AY63: Si | AZ63: Si | BA63: Si | BB63: No | BC63: No | BD63: Si | BE63: Si | BF63: Si | BG63: No | BH63: Si | BI63: Si | BJ63: Si
A64: 45369.444 | B64: cecilia.nieves@colegioriodelaplata.edu.ar | C64: Colegio Rio de la Plata | D64: 020092200 | E64: 10. Liceos / Normales / Colegios / Institutos de otras orientaciones | F64: Bachiller bilingue con orientacion en economia y administracion | G64: Privada | H64: Marco Beretta | I64: Veronica Spragon | J64: Ariel Gercovich | K64: cecilia.nieves@colegioriodelaplata.edu.ar | L64: CABA | M64: recoleta | N64: 23 | O64: 6º Secundaria (Prov.) / 5º Media (CABA) | P64: 5 | Q64: 3 | R64: 2 | T64: Si | U64: Si | V64: Jornada completa: turno completo (9:00 a 16.00 hs.) | W64: Miércoles 24/4 | AR64: No | AS64: No | AT64: Si | AU64: Si | AV64: No | AW64: No | AX64: Si | AY64: Si | AZ64: Si | BA64: Si | BB64: No | BC64: No | BD64: Si | BE64: Si | BF64: Si | BG64: No | BH64: Si | BI64: Si | BJ64: Si
A65: 45369.546 | B65: paula.aguirre@bue.edu.ar | C65: Escuela Argentina Modelo | D65: 020072100 | E65: 1. Liceos / Normales / Colegios / Institutos orientados en ciencias naturales y/o exactas | F65: Area de Naturales | G65: Privada | H65: Paula Aguirre | I65: Sofia Sordelli | K65: paula.aguirre@bue.edu.ar | L65: CABA | M65: Recoleta | N65: 17 | O65: 6º Secundaria (Prov.) / 5º Media (CABA) | P65: 5 | Q65: 5 | R65: 0 | T65: Si | U65: No | V65: Jornada simple: sólo turno mañana (9:00 a 12.30 hs.) | W65: Miércoles 24/4 | AR65: No | AS65: Si | AT65: Si | AU65: No | AV65: No | AW65: No | AX65: No | AY65: Si | AZ65: No | BA65: No | BB65: No | BC65: Si | BD65: Si | BE65: No | BF65: No | BG65: No | BH65: No | BI65: No | BJ65: No
A66: 45369.658 | B66: carmarespindola@gmail.com | C66: E.E.S.T. Nº 4 "JUAN MANUEL FANGIO" | D66: 060765500 | E66: 5. Técnicas área producción (electromecánica, mecánica, metalurgia, electricidad, automotores, refrigeración, construcciones, maestro mayor de obras, aeronáutica, naval, aviónico, óptico, en geografía matemática) | F66: Análisis Matemático | G66: Estatal | H66: Carla Espíndola | I66: Martín Suarez | K66: carmarespindola@gmail.com | L66: PARTIDOS DEL GRAN BUENOS AIRES-OESTE | M66: San Justo | N66: 25 | O66: 5º Secundaria (Prov.) / 4º Media (CABA) | P66: 4 | Q66: 4 | R66: 15 | S66: Para nosotros sería una oportunidad muy importante poder asistir | T66: Si | U66: No | V66: Jornada simple: sólo turno mañana (9:00 a 12.30 hs.) | W66: Miércoles 24/4 | AR66: Si | AS66: Si | AT66: Si | AU66: No | AV66: Si | AW66: Si | AX66: Si | AY66: No | AZ66: No | BA66: No | BB66: Si | BC66: Si | BD66: Si | BE66: No | BF66: No | BG66: Si | BH66: Si | BI66: No | BJ66: No
A67: 45369.663 | B67: carmarespindola@gmail.com | C67: E.E.S.T. Nº 4 "JUAN MANUEL FANGIO" | D67: 060765500 | E67: 5. Técnicas área producción (electromecánica, mecánica, metalurgia, electricidad, automotores, refrigeración, construcciones, maestro mayor de obras, aeronáutica, naval, aviónico, óptico, en geografía matemática) | F67: Análisis Matemático | G67: Estatal | H67: Carla Espíndola | I67: Martín Suárez | K67: carmarespindola@gmail.com | L67: PARTIDOS DEL GRAN BUENOS AIRES-OESTE | M67: San Justo | N67: 35 | O67: 5º Secundaria (Prov.) / 4º Media (CABA) | P67: 4 | Q67: 4 | R67: 25 | S67: Esperamos ansiosos poder asistir | T67: Si | U67: No | V67: Jornada simple: sólo turno mañana (9:00 a 12.30 hs.) | W67: Miércoles 24/4 | AR67: Si | AS67: Si | AT67: Si | AU67: No | AV67: Si | AW67: Si | AX67: Si | AY67: No | AZ67: No | BA67: No | BB67: Si | BC67: Si | BD67: Si | BE67: No | BF67: No | BG67: Si | BH67: Si | BI67: No | BJ67: No | BK67: De ser necesario se pueden modificar horarios
A68: 45369.789 | B68: fgarcia@iiconcepcion.edu.ar | C68: Instituto Inmaculada Concepción | D68: 0201239 | E68: 10. Liceos / Normales / Colegios / Institutos de otras orientaciones | F68: Bachiller con orientación en informática | G68: Privada | H68: Florencia Garcia | I68: Facundo Romano | J68: Javier Francario | K68: fgarcia@iiconcepcion.edu.ar | L68: CABA | M68: Constitución | N68: 32 | O68: 6º Secundaria (Prov.) / 5º Media (CABA) | P68: 5 | Q68: 3 | R68: 30 | T68: Si | U68: No | V68: Jornada simple: sólo turno mañana (9:00 a 12.30 hs.) | W68: Miércoles 24/4 | AR68: No | AS68: No | AT68: Si | AU68: No | AV68: Si | AW68: Si | AX68: No | AY68: No | AZ68: No | BA68: No | BB68: Si | BC68: Si | BD68: Si | BE68: No | BF68: No | BG68: No | BH68: Si | BI68: No | BJ68: No
A69: 45369.817 | B69: kaovejluci@gmail.com | C69: SECUNDARIA 26 "LUIS ALBERTO SPINETTA" | D69: 061794100 | E69: 4. Artísticas de todas las orientaciones | F69: ARTE Y MÚSICA | G69: Estatal | H69: KARINA OVEJERO | I69: DAIANA RODRIGUEZ | J69: SABRINA ALONSO | K69: kaovejluci@gmail.com | L69: PARTIDOS DEL GRAN BUENOS AIRES-NORTE | M69: JOSÉ LEÓN SUÁREZ | N69: 30 | O69: 5º Secundaria (Prov.) / 4º Media (CABA) | P69: 2 | Q69: 1 | R69: 90 | T69: Si | U69: Si | V69: Jornada completa: turno completo (9:00 a 16.00 hs.) | W69: Miércoles 24/4 | AR69: No | AS69: No | AT69: No | AU69: No | AV69: No | AW69: No | AX69: No | AY69: Si | AZ69: No | BA69: No | BB69: No | BC69: Si | BD69: No | BE69: No | BF69: No | BG69: No | BH69: Si | BI69: No | BJ69: No | BK69: SELECCIONÉ ESOS HORARIOS PORQUE TENEMOS UN LARGO VIAJE, PERO EL RANGO DE HORARIOS SERÍA DE 10.30 A 14, EL ORDEN DE LAS ACTIVIDADES ES INDISTINTO.
A70: 45363.438 | B70: candelaldana@gmail.com | C70: INSTITUTO SAN LUIS GONZAGA | D70: 061107100 | E70: 10. Liceos / Normales / Colegios / Institutos de otras orientaciones | F70: Economia y Administración. | G70: Privada | H70: Candela Aldana Lorusso | I70: Aun no están definidos los profesores acompañantes | J70: Aun no están definidos los profesores acompañantes | K70: candelaldana@gmail.com | L70: PARTIDOS DEL GRAN BUENOS AIRES-OESTE | M70: Tapiales / La Matanza | N70: 33 | O70: 6º Secundaria (Prov.) / 5º Media (CABA) | P70: 2 | Q70: 4 | R70: 50 | T70: Si | U70: No | V70: Jornada simple: sólo turno mañana (9:00 a 12.30 hs.) | W70: Martes 23/4 | X70: Si | Y70: No | Z70: No | AA70: No | AB70: No | AC70: Si | AD70: No | AE70: No | AF70: No | AG70: No | AH70: No | AI70: No | AJ70: Si | AK70: No | AL70: No | AM70: No | AN70: No | AO70: No | AP70: No
A71: 45363.441 | B71: candelaldana@gmail.com | C71: INSTITUTO SAN LUIS GONZAGA | D71: 061107100 | E71: 10. Liceos / Normales / Colegios / Institutos de otras orientaciones | F71: Economía y administración | G71: Privada | H71: Candela Aldana Lorusso | I71: Aun no están determinados los profesores acompañantes | J71: Aun no están determinados los profesores acompañantes | K71: candelaldana@gmail.com | L71: PARTIDOS DEL GRAN BUENOS AIRES-OESTE | M71: Tapiales / La Matanza | N71: 32 | O71: 6º Secundaria (Prov.) / 5º Media (CABA) | P71: 2 | Q71: 4 | R71: 50 | T71: Si | U71: No | V71: Jornada simple: sólo turno mañana (9:00 a 12.30 hs.) | W71: Martes 23/4 | X71: Si | Y71: No | Z71: No | AA71: No | AB71: No | AC71: Si | AD71: No | AE71: No | AF71: No | AG71: No | AH71: No | AI71: No | AJ71: Si | AK71: No | AL71: No | AM71: No | AN71: No | AO71: No | AP71: No
A72: 45363.443 | B72: candelaldana@gmail.com | C72: INSTITUTO SAN LUIS GONZAGA | D72: 061107100 | E72: 10. Liceos / Normales / Colegios / Institutos de otras orientaciones | F72: Comunicaciones | G72: Privada | H72: Candela Aldana Lorusso | I72: Aun no están determinados los profesores acompañantes | J72: Aun no están determinados los profesores acompañantes | K72: candelaldana@gmail.com | L72: PARTIDOS DEL GRAN BUENOS AIRES-OESTE | M72: Tapiales / La Matanza | N72: 31 | O72: 6º Secundaria (Prov.) / 5º Media (CABA) | P72: 2 | Q72: 4 | R72: 50 | T72: Si | U72: No | V72: Jornada simple: sólo turno mañana (9:00 a 12.30 hs.) | W72: Martes 23/4 | X72: Si | Y72: No | Z72: No | AA72: No | AB72: No | AC72: Si | AD72: No | AE72: No | AF72: No | AG72: No | AH72: No | AI72: No | AJ72: Si | AK72: No | AL72: No | AM72: No | AN72: No | AO72: No | AP72: No
A73: 45363.475 | B73: santiagoandreanoemi@gmail.com | C73: Escuela de Educación Secundaria N° 3 Profeso Francisco J Salustio Quilmes | D73: 061000200 | E73: 1. Liceos / Normales / Colegios / Institutos orientados en ciencias naturales y/o exactas | F73: Ciencias Naturales | G73: Estatal | H73: Andrea Santiago | I73: Gabriela Cortés | J73: Jorge Domeneguini | K73: santiagoandreanoemi@gmail.com | L73: PARTIDOS DEL GRAN BUENOS AIRES-SUR | M73: Quilmes Oeste | N73: 35 | O73: 6º Secundaria (Prov.) / 5º Media (CABA) | P73: 2 | Q73: 2 | R73: 90 | T73: Si | U73: Si | V73: Jornada completa: turno completo (9:00 a 16.00 hs.) | W73: Martes 23/4 | X73: Si | Y73: Si | Z73: Si | AA73: Si | AB73: No | AC73: No | AD73: No | AE73: No | AF73: No | AG73: No | AI73: Si | AP73: Si
A74: 45363.491 | B74: fbillone@lasnieves.edu.ar | C74: Nuestra señora de las nieves | D74: 020073800 | E74: 1. Liceos / Normales / Colegios / Institutos orientados en ciencias naturales y/o exactas | F74: Naturales | G74: Privada | H74: Florencia billone | I74: Mariana Ceraolo | K74: fbillone@lasnieves.edu.ar | L74: CABA | M74: Liniers | N74: 21 | O74: 5º Secundaria (Prov.) / 4º Media (CABA) | P74: 5 | Q74: 4 | R74: 0 | T74: Si | U74: No | V74: Jornada simple: sólo turno mañana (9:00 a 12.30 hs.) | W74: Martes 23/4 | X74: Si | Y74: Si | Z74: Si | AA74: No | AB74: Si | AC74: Si | AD74: Si | AE74: No | AF74: No | AG74: No | AH74: Si | AI74: Si | AJ74: Si | AK74: No | AL74: No | AM74: Si | AN74: Si | AO74: No | AP74: No
A75: 45363.518 | B75: rominasanchez@njypater.com | C75: Instituto Pater c.e. | D75: 061933100 | E75: 1. Liceos / Normales / Colegios / Institutos orientados en ciencias naturales y/o exactas | F75: Sociales y economia | G75: Privada | H75: Romina Sanchez | I75: Gisela Marino | J75: Pablo Godoi | K75: rominasanchez@njypater.com | L75: PARTIDOS DEL GRAN BUENOS AIRES-SUR | M75: Bernal Quilmes | N75: 20 | O75: 5º Secundaria (Prov.) / 4º Media (CABA) | P75: 4 | Q75: 2 | R75: 20 | T75: Si | U75: No | V75: Jornada simple: sólo turno mañana (9:00 a 12.30 hs.) | W75: Martes 23/4 | X75: No | Y75: No | Z75: Si | AA75: No | AB75: Si | AC75: Si | AD75: Si | AE75: Si | AF75: No | AG75: No | AH75: No | AI75: Si | AJ75: No | AK75: No | AL75: No | AM75: No | AN75: Si | AO75: No | AP75: No | AQ75: Los alumnos realizan un proyecto sobre mate juegos y vendría genial! Gracias!
A76: 45363.521 | B76: secundaria@santiagoapostol.edu.ar | C76: Instituto Argentino Gallego Santiago Apóstol | D76: 020212700 | E76: 10. Liceos / Normales / Colegios / Institutos de otras orientaciones | F76: Bachiller con Orientación en ciencias sociales y humanidades | G76: Privada | H76: Rodriguez Bibiana | I76: Da Silva Rocio | K76: secundaria@santiagoapostol.edu.ar | L76: CABA | M76: Once | N76: 23 | O76: 6º Secundaria (Prov.) / 5º Media (CABA) | P76: 4 | Q76: 3 | R76: 0 | T76: Si | U76: No | V76: Jornada simple: sólo turno mañana (9:00 a 12.30 hs.) | W76: Martes 23/4 | X76: No | Y76: Si | Z76: No | AA76: No | AB76: Si | AC76: No | AD76: No | AE76: No | AF76: No | AG76: Si | AH76: No | AI76: No | AJ76: Si | AK76: No | AL76: No | AM76: No | AN76: No | AO76: Si | AP76: No
A77: 45363.523 | B77: secundario@santiagoapostol.edu.ar | C77: Instituto Argentino Gallego Santiago Apóstol | D77: 020212700 | E77: 9. Liceos / Normales / Colegios / Institutos orientados en ciencias sociales y/o humanidades | F77: Bachiller con Orientación en Ciencias Sociales y Humanidades | G77: Privada | H77: Rodriguez Bibiana | I77: Rocio Da Silva | J77: Diego Colombo | K77: secundaria@santiagoapostol.edu.ar | L77: CABA | M77: Once | N77: 20 | O77: 5º Secundaria (Prov.) / 4º Media (CABA) | P77: 4 | Q77: 2 | R77: 0 | S77: Hicimos otra respuesta para poder ir con 4º y 5º año | T77: Si | U77: No | V77: Jornada simple: sólo turno mañana (9:00 a 12.30 hs.) | W77: Martes 23/4 | X77: No | Y77: Si | Z77: No | AA77: No | AB77: Si | AC77: No | AD77: No | AE77: No | AF77: No | AG77: Si | AH77: No | AI77: No | AJ77: Si | AK77: No | AL77: No | AM77: No | AN77: No | AO77: Si | AP77: No | AQ77: Hicimos dos formularios para ir con nuestros estudiantes de 4º y 5º año
A78: 45363.525 | B78: rominasanchez@njypater.com | C78: Instituto Pater c.e. | D78: 061933100 | E78: 1. Liceos / Normales / Colegios / Institutos orientados en ciencias naturales y/o exactas | F78: Sociales y Economia | G78: Privada | H78: Gisela Marino | I78: Romina Sanchez | J78: Pablo Godoi | K78: rominasanchez@njypater.com | L78: PARTIDOS DEL GRAN BUENOS AIRES-SUR | M78: Bernal Quilmes | N78: 35 | O78: 5º Secundaria (Prov.) / 4º Media (CABA) | P78: 4 | Q78: 2 | R78: 20 | T78: Si | U78: No | V78: Jornada simple: sólo turno mañana (9:00 a 12.30 hs.) | W78: Martes 23/4 | X78: No | Y78: Si | Z78: No | AA78: No | AB78: Si | AC78: Si | AD78: Si | AE78: Si | AF78: No | AG78: No | AH78: No | AI78: Si | AJ78: Si | AK78: No | AL78: No | AM78: Si | AN78: No | AO78: No | AP78: No | AQ78: Los estudiantes harán un proyecto sobre mate juegos vendría genial esta visita! Gracias
A79: 45363.543 | B79: jvibanez13@gmail.com | C79: Instituto Mercedes Pacheco | D79: 020029500 | E79: 9. Liceos / Normales / Colegios / Institutos orientados en ciencias sociales y/o humanidades | F79: Humanidades | G79: Privada | H79: Jorge Ibañez | I79: Luciana Perea | K79: jvibanez13@gmail.com | L79: CABA | M79: Recoleta | N79: 35 | O79: 6º Secundaria (Prov.) / 5º Media (CABA) | P79: 2 | Q79: 2 | R79: 5 | T79: No | U79: Si | V79: Jornada simple: sólo turno tarde (12.30 a 16:00 hs.) | W79: Martes 23/4 | X79: No | Y79: No | Z79: No | AA79: Si | AB79: No | AC79: No | AD79: No | AE79: No | AF79: No | AG79: Si | AH79: No | AI79: No | AJ79: No | AK79: Si | AL79: Si | AM79: No | AN79: No | AO79: Si | AP79: Si | AQ79: Nunca participamos
A80: 45363.555 | B80: auniversidad@goethe.edu.ar | C80: Instituto Escolar Goethe Schule | D80: 061215200 | E80: 1. Liceos / Normales / Colegios / Institutos orientados en ciencias naturales y/o exactas | F80: Ciencias Naturales | G80: Privada | H80: Tatiana Wolff | I80: Melina Seinfert | K80: auniversidad@goethe.edu.ar | L80: PARTIDOS DEL GRAN BUENOS AIRES-NORTE | M80: Boologne Sur Mer | N80: 25 | O80: 6º Secundaria (Prov.) / 5º Media (CABA) | P80: 5 | Q80: 5 | R80: 0 | T80: Si | U80: Si | V80: Jornada completa: turno completo (9:00 a 16.00 hs.) | W80: Martes 23/4 | X80: No | Y80: Si | Z80: Si | AA80: No | AB80: Si | AC80: No | AD80: No | AE80: No | AF80: No | AG80: Si | AH80: No | AI80: No | AJ80: Si | AK80: Si | AL80: Si | AM80: No | AN80: No | AO80: No | AP80: No
A81: 45363.631 | B81: jessicaamaidana@gmail.com | C81: Instituto Educacional Argentino Nuestra Señora de Luján | D81: 20059400 | E81: 3. Técnicas en administración de empresas, administración de las organizaciones, servicios turísticos, multimedios | F81: Economía | G81: Privada | H81: Maidana Jessica | I81: Fenando beitia | J81: Fernanda goldaracena | K81: jessicaamaidana@gmail.com | L81: CABA | M81: Villa Pueyrredón | N81: 31 | O81: 6º Secundaria (Prov.) / 5º Media (CABA) | P81: 4 | Q81: 5 | R81: 30 | T81: Si | U81: No | V81: Jornada simple: sólo turno mañana (9:00 a 12.30 hs.) | W81: Martes 23/4 | X81: Si | Y81: Si | Z81: Si | AA81: No | AB81: Si | AC81: Si | AD81: Si | AE81: No | AF81: No | AG81: No | AH81: Si | AI81: Si | AJ81: Si | AK81: No | AL81: No | AM81: Si | AN81: Si | AO81: No | AP81: No
A82: 45363.647 | B82: mercedesgonzalez@institutourquiza.edu.ar | C82: Instituto Justo José de Urquiza SRL | D82: 201342 | E82: 9. Liceos / Normales / Colegios / Institutos orientados en ciencias sociales y/o humanidades | F82: Comunicación | G82: Privada | H82: Mercedes Gonzalez | I82: Martín Volpatti | J82: Carlos Espósito | K82: mercedesgonzalez@institutourquiza.edu.ar | L82: CABA | M82: Caballito | N82: 20 | O82: 5º Secundaria (Prov.) / 4º Media (CABA) | P82: 4 | Q82: 1 | R82: 10 | T82: Si | U82: No | V82: Jornada simple: sólo turno mañana (9:00 a 12.30 hs.) | W82: Martes 23/4 | X82: Si | Y82: Si | Z82: No | AA82: No | AB82: Si | AC82: Si | AD82: Si | AE82: No | AF82: No | AG82: No | AH82: Si | AI82: Si | AJ82: Si | AK82: No | AL82: No | AM82: Si | AN82: Si | AO82: No | AP82: No
A83: 45363.647 | B83: vanina.acuna89@gmail.com | C83: Instituto palomar de caseros | D83: 060578000 | E83: 9. Liceos / Normales / Colegios / Institutos orientados en ciencias sociales y/o humanidades | F83: Ciencias sociales | G83: Privada | H83: Vanina Acuña | I83: Claudia Cicarelli | J83: Leonardo Cardaci | K83: vanina.acuna89@gmail.com | L83: PARTIDOS DEL GRAN BUENOS AIRES-OESTE | M83: Ciudad jardin | N83: 25 | O83: 6º Secundaria (Prov.) / 5º Media (CABA) | P83: 3 | Q83: 3 | R83: 10 | T83: No | U83: Si | V83: Jornada simple: sólo turno tarde (12.30 a 16:00 hs.) | W83: Martes 23/4 | X83: No | Y83: No | Z83: No | AA83: Si | AB83: No | AC83: No | AD83: No | AE83: Si | AF83: Si | AG83: Si | AH83: No | AI83: No | AJ83: No | AK83: Si | AL83: Si | AM83: No | AN83: No | AO83: Si | AP83: Si
A84: 45363.65 | B84: vanina.acuna89@gmail.com | C84: Instituto palomar de caseros | D84: 060578000 | E84: 10. Liceos / Normales / Colegios / Institutos de otras orientaciones | F84: Comunicaciones | G84: Privada | H84: Vanina acuña | I84: Claudia cicarelli | J84: Leonardo cardaci | K84: vanina.acuna89@gmail.com | L84: PARTIDOS DEL GRAN BUENOS AIRES-OESTE | M84: Ciudad jardin | N84: 20 | O84: 6º Secundaria (Prov.) / 5º Media (CABA) | P84: 3 | Q84: 3 | R84: 10 | T84: No | U84: Si | V84: Jornada simple: sólo turno tarde (12.30 a 16:00 hs.) | W84: Martes 23/4 | X84: No | Y84: No | Z84: No | AA84: Si | AB84: No | AC84: No | AD84: No | AE84: Si | AF84: Si | AG84: Si | AH84: No | AI84: No | AJ84: No | AK84: Si | AL84: Si | AM84: No | AN84: No | AO84: Si | AP84: Si
A85: 45363.683 | B85: julieta.pianetti@bue.edu.ar | C85: ESC. TEC. Nº 30 NORBERTO PINERO DE 02 | D85: 020144800 | E85: 5. Técnicas área producción (electromecánica, mecánica, metalurgia, electricidad, automotores, refrigeración, construcciones, maestro mayor de obras, aeronáutica, naval, aviónico, óptico, en geografía matemática) | F85: Electromecánica | G85: Estatal | H85: Julieta Pianetti | I85: Gisela Martínez | J85: Alejandro Barrera | K85: julieta.pianetti@bue.edu.ar | L85: CABA | M85: Almagro | N85: 22 | O85: 5º Secundaria (Prov.) / 4º Media (CABA) | P85: 5 | Q85: 5 | R85: 90 | T85: Si | U85: No | V85: Jornada simple: sólo turno mañana (9:00 a 12.30 hs.) | W85: Martes 23/4 | X85: No | Y85: No | Z85: No | AA85: No | AB85: Si | AC85: No | AD85: No | AE85: No | AF85: No | AG85: No | AH85: No | AI85: Si | AJ85: No | AK85: No | AL85: No | AM85: No | AN85: Si | AO85: No | AP85: No
A86: 45363.708 | B86: lucila.zobra@colegiosanfranciscocoll.com.ar | C86: COLEGIO SAN FRANCISCO COLL | D86: 020078500 | E86: 10. Liceos / Normales / Colegios / Institutos de otras orientaciones | F86: Economía y Administración | G86: Privada | H86: María Lucila Zobra | I86: Silvina Salvia | J86: Sofía Rodríguez Bazzi | K86: lucila.zobra@colegiosanfranciscocoll.com.ar | L86: CABA | M86: Villa Urquiza | N86: 35 | O86: 6º Secundaria (Prov.) / 5º Media (CABA) | P86: 2 | Q86: 3 | R86: 75 | T86: Si | U86: No | V86: Jornada simple: sólo turno mañana (9:00 a 12.30 hs.) | W86: Martes 23/4 | X86: Si | Y86: No | Z86: No | AA86: No | AB86: No | AC86: Si | AD86: No | AE86: No | AF86: No | AG86: No | AH86: No | AI86: No | AJ86: Si | AK86: No | AL86: No | AM86: Si | AN86: No | AO86: No | AP86: No | AQ86: No habría problema con modificar los horarios de talleres, actividades y charlas respetando día y turno.
A87: 45363.711 | B87: lucila.zobra@colegiosanfranciscocoll.com.ar | C87: COLEGIO SAN FRANCISCO COLL | D87: 020078500 | E87: 10. Liceos / Normales / Colegios / Institutos de otras orientaciones | F87: Economía y Administración | G87: Privada | H87: Lucila Zobra | I87: Cecilia Mota | J87: Macarena Sanguiao | K87: lucila.zobra@colegiosanfranciscocoll.com.ar | L87: CABA | M87: Villa Urquiza | N87: 35 | O87: 6º Secundaria (Prov.) / 5º Media (CABA) | P87: 2 | Q87: 3 | R87: 75 | T87: Si | U87: No | V87: Jornada simple: sólo turno mañana (9:00 a 12.30 hs.) | W87: Martes 23/4 | X87: Si | Y87: No | Z87: No | AA87: No | AB87: No | AC87: Si | AD87: No | AE87: No | AF87: No | AG87: No | AH87: No | AI87: No | AJ87: Si | AK87: No | AL87: No | AM87: Si | AN87: No | AO87: No | AP87: No | AQ87: No habría problema con modificar los horarios de talleres, actividades y charlas respetando día y turno.
A88: 45363.724 | B88: zelayaandrea@hotmail.com | C88: Instituto Don Orione | D88: 61338200 | E88: 1. Liceos / Normales / Colegios / Institutos orientados en ciencias naturales y/o exactas | F88: Naturales | G88: Privada | H88: Zelaya maria Andrea | I88: Glliozzi sandra | J88: SCHMITLEIN CLAUDIA | K88: zelayaandrea@hotmail.com | L88: PARTIDOS DEL GRAN BUENOS AIRES-SUR | M88: Florencio varela | N88: 30 | O88: 6º Secundaria (Prov.) / 5º Media (CABA) | P88: 5 | Q88: 5 | R88: 40 | S88: . | T88: Si | U88: No | V88: Jornada simple: sólo turno mañana (9:00 a 12.30 hs.) | W88: Martes 23/4 | X88: Si | Y88: No | Z88: No | AA88: No | AB88: No | AC88: No | AD88: No | AE88: Si | AF88: No | AG88: No | AH88: No | AI88: Si | AK88: No | AL88: No | AM88: No | AN88: Si | AO88: No | AP88: No
A89: 45363.727 | B89: zelayaandrea@hotmail.com | C89: Instituto Don Orione | D89: 61338200 | E89: 1. Liceos / Normales / Colegios / Institutos orientados en ciencias naturales y/o exactas | F89: Orientacion en Economía | G89: Privada | H89: Zelaya Maria Andrea | I89: Gliozzi Sandra | J89: Schmitlein claudia | K89: zelayaandrea@hotmail.com | L89: PARTIDOS DEL GRAN BUENOS AIRES-SUR | M89: Florencio Varela | N89: 30 | O89: 6º Secundaria (Prov.) / 5º Media (CABA) | P89: 5 | Q89: 5 | R89: 40 | S89: . | T89: Si | U89: Si | V89: Jornada completa: turno completo (9:00 a 16.00 hs.) | W89: Martes 23/4 | X89: Si | Y89: No | Z89: No | AA89: No | AB89: No | AC89: No | AD89: No | AE89: Si | AF89: No | AG89: No | AH89: No | AI89: Si | AJ89: No | AK89: No | AL89: No | AM89: No | AN89: Si | AO89: No | AP89: No
A90: 45363.727 | B90: lilianamercado@colegioubaescobar.gob.ar | C90: Cereijo UBA | D90: 1111111 | E90: 1. Liceos / Normales / Colegios / Institutos orientados en ciencias naturales y/o exactas | F90: Exactas | G90: Estatal | H90: Liliana Mercado | I90: Marlene Aguirre | K90: lilianamercado@colegioubaescobar.gob.ar | L90: PARTIDOS DEL GRAN BUENOS AIRES-NORTE | M90: Belén de Escobar | N90: 35 | O90: 4º Secundaria (Prov:) / 3º Media (CABA) | P90: 5 | Q90: 5 | R90: 0 | T90: Si | U90: Si | V90: Jornada completa: turno completo (9:00 a 16.00 hs.) | W90: Martes 23/4 | X90: Si | Y90: Si | Z90: Si | AA90: Si | AB90: Si | AC90: Si | AD90: Si | AE90: Si | AF90: No | AG90: No | AH90: Si | AM90: Si | AN90: Si
A91: 45363.73 | B91: lilianamercado@colegioubaescobar.gob.ar | C91: Cereijo UBA | D91: 1111111 | E91: 1. Liceos / Normales / Colegios / Institutos orientados en ciencias naturales y/o exactas | F91: Arte | G91: Estatal | H91: Liliana Mercado | I91: Sebastián Furlong | K91: lilianamercado@colegioubaescobar.gob.ar | L91: PARTIDOS DEL GRAN BUENOS AIRES-NORTE | M91: Belén de Escobar | N91: 35 | O91: 4º Secundaria (Prov:) / 3º Media (CABA) | P91: 5 | Q91: 5 | R91: 0 | T91: Si | U91: Si | V91: Jornada completa: turno completo (9:00 a 16.00 hs.) | W91: Martes 23/4 | X91: Si | Y91: Si | Z91: Si | AA91: Si | AB91: Si | AC91: Si | AD91: Si | AE91: Si | AF91: Si | AG91: Si | AH91: Si | AI91: Si | AJ91: Si | AK91: Si | AL91: Si | AM91: Si | AN91: Si | AO91: Si | AP91: Si
A92: 45363.866 | B92: saulprofe2024@gmail.com | C92: Escuela de Educación Secundaria Nro 5 Belgrano Educador | D92: 060917900 | E92: 1. Liceos / Normales / Colegios / Institutos orientados en ciencias naturales y/o exactas | F92: Ciencias naturales y ciencias sociales | G92: Estatal | H92: Saúl Flores | I92: Walter Marquez | J92: Nadia Oflaerti | K92: saulprofe2024@gmail.com | L92: PARTIDOS DEL GRAN BUENOS AIRES-OESTE | M92: Campo de mayo | N92: 35 | O92: 6º Secundaria (Prov.) / 5º Media (CABA) | P92: 3 | Q92: 5 | R92: 40 | T92: No | U92: Si | V92: Jornada simple: sólo turno tarde (12.30 a 16:00 hs.) | W92: Martes 23/4 | X92: No | Y92: No | Z92: No | AA92: No | AB92: No | AC92: No | AD92: No | AE92: Si | AF92: No | AG92: No | AK92: Si | AP92: Si | AQ92: No me deja marcar las opciones de visitaa guiadas y talleres.
A93: 45363.869 | B93: gisela.serrano@bue.edu.ar | C93: Escuela Normal Superior N°4 "Estanislao S. Zeballos" | D93: 20129700 | E93: 1. Liceos / Normales / Colegios / Institutos orientados en ciencias naturales y/o exactas | F93: Matemática-Física | G93: Estatal | H93: Gisela Serrano | I93: Natalia Grandal | J93: Yamile Bohorquez | K93: gisela.serrano@bue.edu.ar | L93: CABA | M93: Caballito | N93: 26 | O93: 6º Secundaria (Prov.) / 5º Media (CABA) | P93: 5 | Q93: 4 | R93: 10 | T93: Si | U93: No | V93: Jornada simple: sólo turno mañana (9:00 a 12.30 hs.) | W93: Martes 23/4 | X93: Si | Y93: No | Z93: No | AA93: No | AB93: No | AC93: Si | AD93: No | AE93: No | AF93: No | AG93: No | AH93: No | AI93: No | AJ93: Si | AK93: No | AL93: No | AM93: No | AN93: No | AO93: No | AP93: No
A94: 45363.972 | B94: simonespinoza@colegiopiaget.edu.ar | C94: COLEGIO PIAGET | D94: 061222400 | E94: 4. Artísticas de todas las orientaciones | F94: Secundario orientación en artes | G94: Privada | H94: Magalí Garbuglia | I94: Gustavo Jaimes | J94: Simón Espinoza | K94: secundaria@colegiopiaget.edu.ar | L94: PARTIDOS DEL GRAN BUENOS AIRES-NORTE | M94: San Isidro | N94: 22 | O94: 5º Secundaria (Prov.) / 4º Media (CABA) | P94: 5 | Q94: 3 | R94: 0 | S94: Deseamos que nuestros estudiantes reconozcan la importancia de la matemática como disciplina transversal a todas | T94: Si | U94: Si | V94: Jornada completa: turno completo (9:00 a 16.00 hs.) | W94: Martes 23/4 | X94: Si | Y94: Si | Z94: Si | AA94: No | AB94: Si | AC94: Si | AD94: Si | AE94: Si | AF94: Si | AG94: No | AH94: Si | AI94: Si | AJ94: Si | AK94: Si | AL94: No | AM94: Si | AN94: Si | AO94: No | AP94: No
A95: 45364.025 | B95: laurabusso@bue.edu.ar | C95: Normal 9 D. F. Sarmiento | D95: 00201177 | E95: 1. Liceos / Normales / Colegios / Institutos orientados en ciencias naturales y/o exactas | F95: Naturales y turismo | G95: Estatal | H95: María Laura Busso | I95: Gonzalo Godoy | J95: Lorena García | K95: laurabusso@bue.edu | L95: CABA | M95: Balvanera | N95: 35 | O95: 6º Secundaria (Prov.) / 5º Media (CABA) | P95: 3 | Q95: 3 | R95: 80 | S95: Poblacion escolar en su mayor parte del barrio de retiro | T95: Si | U95: No | V95: Jornada simple: sólo turno mañana (9:00 a 12.30 hs.) | W95: Martes 23/4 | X95: No | Y95: No | Z95: Si | AA95: No | AB95: No | AC95: No | AD95: No | AE95: No | AF95: No | AG95: No | AH95: Si | AI95: No | AJ95: No | AK95: No | AL95: No | AM95: Si | AN95: No | AO95: No | AP95: No
A96: 45364.026 | B96: wmarquez@abc.gob.ar | C96: E.E.S n⁰5 "Belgrano Educador" | D96: 060917900 | E96: 1. Liceos / Normales / Colegios / Institutos orientados en ciencias naturales y/o exactas | F96: Exactas | G96: Estatal | H96: Walter Marquez | I96: Javier Delia | J96: Silvana Sosa | K96: wmarquez@abc.gob.ar | L96: PARTIDOS DEL GRAN BUENOS AIRES-OESTE | M96: San miguel | N96: 35 | O96: 6º Secundaria (Prov.) / 5º Media (CABA) | P96: 3 | Q96: 4 | R96: 40 | T96: Si | U96: Si | V96: Jornada completa: turno completo (9:00 a 16.00 hs.) | W96: Martes 23/4 | X96: No | Y96: Si | Z96: Si | AA96: Si | AB96: No | AC96: Si | AD96: Si | AE96: Si | AF96: Si | AG96: Si | AH96: No | AI96: Si | AJ96: Si | AK96: Si | AL96: Si | AM96: Si | AN96: Si | AO96: Si | AP96: Si
A97: 45364.037 | B97: laurabusso@bue.edu.ar | C97: Normal 9 | D97: 201177 | E97: 1. Liceos / Normales / Colegios / Institutos orientados en ciencias naturales y/o exactas | F97: Turismo y naturales | G97: Estatal | H97: María Laura Busso | I97: Gonzalo Godoy | J97: Lorena García | K97: laurabusso@bue.edu.ar | L97: CABA | M97: Balvanera | N97: 35 | O97: 6º Secundaria (Prov.) / 5º Media (CABA) | P97: 3 | Q97: 3 | R97: 85 | T97: Si | U97: No | V97: Jornada simple: sólo turno mañana (9:00 a 12.30 hs.) | W97: Martes 23/4 | X97: No | Y97: No | Z97: Si | AA97: No | AB97: No | AC97: No | AD97: No | AE97: No | AF97: No | AG97: No | AH97: Si | AI97: No | AJ97: No | AK97: No | AL97: No | AM97: No | AN97: Si | AO97: No | AP97: No
A98: 45364.391 | B98: marucha1673@gmail.com | C98: INSTITUTO EDUCACIONAL ARGENTINO NUESTRA SEÑORA DE LUJAN | D98: 61 | E98: 10. Liceos / Normales / Colegios / Institutos de otras orientaciones | F98: Informática | G98: Privada | H98: LAUTARO | I98: PEREYRA LIMA | J98: Fernanda Goldaracena | K98: maru.cuba73@gmail.com | L98: CABA | M98: Vila Pueyrredon | N98: 35 | O98: 6º Secundaria (Prov.) / 5º Media (CABA) | P98: 4 | Q98: 4 | R98: 10 | T98: Si | U98: No | V98: Jornada simple: sólo turno mañana (9:00 a 12.30 hs.) | W98: Martes 23/4 | X98: Si | Y98: Si | Z98: No | AA98: No | AB98: Si | AC98: Si | AD98: Si | AE98: Si | AF98: No | AG98: No | AH98: Si | AI98: Si | AJ98: Si | AK98: No | AL98: No | AM98: Si | AN98: Si | AO98: No | AP98: No
A99: 45364.402 | B99: maru.cuba73@gmail.com | C99: INSTITUTO EDUCACIONAL ARGENTINO NUESTRA SEÑORA DE LUJAN | D99: 61 | E99: 10. Liceos / Normales / Colegios / Institutos de otras orientaciones | F99: INFORMATICA | G99: Privada | H99: MARIELA CUBA | I99: FERNANDO OLIVA | J99: FERNANDA GOLDARACENA | K99: maru.cuba73@gmail.com | L99: CABA | M99: VILLA PUEYRREDON | N99: 35 | O99: 6º Secundaria (Prov.) / 5º Media (CABA) | P99: 4 | Q99: 4 | R99: 10 | T99: Si | U99: No | V99: Jornada simple: sólo turno mañana (9:00 a 12.30 hs.) | W99: Martes 23/4 | X99: Si | Y99: Si | Z99: Si | AA99: No | AB99: Si | AC99: Si | AD99: Si | AE99: No | AF99: No | AG99: No | AH99: Si | AI99: Si | AJ99: Si | AK99: No | AL99: No | AM99: Si | AN99: Si | AO99: No | AP99: No | AQ99: LOS ALUMNOS ESTAN BUSCANDO QUE ESTUDIAR Y ESTO LES AYUDARIA MUCHISIMO
A100: 45364.429 | B100: smorel@sanvicenteescobar.edu.ar | C100: Instituto San Vicente de Paul | D100: 061310300 | E100: 1. Liceos / Normales / Colegios / Institutos orientados en ciencias naturales y/o exactas | F100: Bachiller con orientación en Ciencias Naturales | G100: Privada | H100: Silvana Morel | I100: Lorena Medina | J100: Diego Torres | K100: smorel@sanvicenteescobar.edu.ar | L100: PARTIDOS DEL GRAN BUENOS AIRES-NORTE | M100: Escobar | N100: 32 | O100: 6º Secundaria (Prov.) / 5º Media (CABA) | P100: 5 | Q100: 3 | R100: 0 | T100: Si | U100: No | V100: Jornada simple: sólo turno mañana (9:00 a 12.30 hs.) | W100: Martes 23/4 | X100: Si | Y100: Si | Z100: Si | AA100: No | AB100: Si | AC100: Si | AD100: Si | AE100: No | AF100: No | AG100: No | AH100: Si | AI100: Si | AJ100: Si | AK100: No | AL100: No | AM100: Si | AN100: Si | AO100: No | AP100: No
...

Sheet CRUDO MARTES
A1: Marca temporal | B1: Dirección de correo electrónico | C1: Nombre OFICIAL y COMPLETO de la institución educativa | D1: Código Único de Escuela (CUE) | E1: Tipo de escuela y orientación | F1: Especifique su orientación | G1: Gestión | H1: Nombre y apellido del/la docente responsable de la visita | I1: Nombre y apellido del/la docente acompañante 1 | J1: Nombre y apellido del/la docente acompañante 2 | K1: Dirección de correo electrónico para recibir resultado de la asignación | L1: Ubicación general de la escuela | M1: Barrio/Localidad de la escuela | N1: Cantidad de alumnos que asistirán | O1: Curso que asistirá | P1: Conectividad en la institución | Q1: Acceso a las ciencias exactas y naturales | R1: Porcentaje aproximado de estudiantes de familias de bajos recursos | S1: Exprese observaciones o comentarios que considere pertinentes | T1: Turno/s solicitado/s [Turno mañana (9:00 a 12.30 hs.)] | U1: Turno/s solicitado/s [Turno tarde (12.30 a 16:00 hs.)] | V1: Fecha solicitada | W1: CHARLAS [9:30 ] | X1: CHARLAS [10:30] | Y1: CHARLAS [11:30 ] | Z1: CHARLAS [14:00 ] | AA1: ESTACIONES INTERACTIVAS [9:30] | AB1: ESTACIONES INTERACTIVAS [10:30] | AC1: ESTACIONES INTERACTIVAS [11:30] | AD1: ESTACIONES INTERACTIVAS [13:00] | AE1: ESTACIONES INTERACTIVAS [14:00] | AF1: ESTACIONES INTERACTIVAS [15:00] | AG1: TALLERES [9:30] | AH1: TALLERES [10:30] | AI1: TALLERES [11:30] | AJ1: TALLERES [14:00] | AK1: TALLERES [15:00] | AL1: VISITAS GUIADAS TEMÁTICAS [10:30] | AM1: VISITAS GUIADAS TEMÁTICAS [11:30] | AN1: VISITAS GUIADAS TEMÁTICAS [14:00] | AO1: VISITAS GUIADAS TEMÁTICAS [15:00] | AP1: Exprese cualquier aclaración sobre la solicitud de inscripción que facilite la administración de vacantes. | AQ1: CHARLAS [9:30 ] | AR1: CHARLAS [10:30] | AS1: CHARLAS [11:30 ] | AT1: CHARLAS [14:00 ] | AU1: ESTACIONES INTERACTIVAS [9:30] | AV1: ESTACIONES INTERACTIVAS [10:30] | AW1: ESTACIONES INTERACTIVAS [11:30] | AX1: ESTACIONES INTERACTIVAS [13:00] | AY1: ESTACIONES INTERACTIVAS [14:00] | AZ1: ESTACIONES INTERACTIVAS [15:00] | BA1: TALLERES [9.30] | BB1: TALLERES [10:30] | BC1: TALLERES [11:30] | BD1: TALLERES [14:00] | BE1: TALLERES [15:00] | BF1: VISITA GUIADA [10:30] | BG1: VISITA GUIADA [11:30] | BH1: VISITA GUIADA [14:00] | BI1: VISITA GUIADA [15:00] | BJ1: Exprese cualquier aclaración sobre la solicitud de inscripción que facilite la administración de vacantes. | BK1: CHARLAS [9:30 ] | BL1: CHARLAS [10:30] | BM1: CHARLAS [11:30 ] | BN1: CHARLAS [14:00 ] | BO1: ESTACIONES INTERACTIVAS [9:30] | BP1: ESTACIONES INTERACTIVAS [10:30] | BQ1: ESTACIONES INTERACTIVAS [11:30] | BR1: ESTACIONES INTERACTIVAS [13:00] | BS1: ESTACIONES INTERACTIVAS [14:00] | BT1: ESTACIONES INTERACTIVAS [15:00] | BU1: TALLERES [9:30] | BV1: TALLERES [10:30 ] | BW1: TALLERES [11:30] | BX1: TALLERES [14:00] | BY1: TALLERES [15:00] | BZ1: VISITA GUIADA [10:30] | CA1: VISITA GUIADA [11:30] | CB1: VISITA GUIADA [14:00] | CC1: VISITA GUIADA [15:00] | CD1: Exprese cualquier aclaración sobre la solicitud de inscripción que facilite la administración de vacantes.
A2: 45363.438 | B2: candelaldana@gmail.com | C2: INSTITUTO SAN LUIS GONZAGA | D2: 061107100 | E2: 10. Liceos / Normales / Colegios / Institutos de otras orientaciones | F2: Economia y Administración. | G2: Privada | H2: Candela Aldana Lorusso | I2: Aun no están definidos los profesores acompañantes | J2: Aun no están definidos los profesores acompañantes | K2: candelaldana@gmail.com | L2: PARTIDOS DEL GRAN BUENOS AIRES-OESTE | M2: Tapiales / La Matanza | N2: 33 | O2: 6º Secundaria (Prov.) / 5º Media (CABA) | P2: 2 | Q2: 4 | R2: 50 | T2: Si | U2: No | V2: Martes 23/4 | W2: Si | X2: No | Y2: No | Z2: No | AA2: No | AB2: Si | AC2: No | AD2: No | AE2: No | AF2: No | AG2: No | AH2: No | AI2: Si | AJ2: No | AK2: No | AL2: No | AM2: No | AN2: No | AO2: No
A3: 45363.441 | B3: candelaldana@gmail.com | C3: INSTITUTO SAN LUIS GONZAGA | D3: 061107100 | E3: 10. Liceos / Normales / Colegios / Institutos de otras orientaciones | F3: Economía y administración | G3: Privada | H3: Candela Aldana Lorusso | I3: Aun no están determinados los profesores acompañantes | J3: Aun no están determinados los profesores acompañantes | K3: candelaldana@gmail.com | L3: PARTIDOS DEL GRAN BUENOS AIRES-OESTE | M3: Tapiales / La Matanza | N3: 32 | O3: 6º Secundaria (Prov.) / 5º Media (CABA) | P3: 2 | Q3: 4 | R3: 50 | T3: Si | U3: No | V3: Martes 23/4 | W3: Si | X3: No | Y3: No | Z3: No | AA3: No | AB3: Si | AC3: No | AD3: No | AE3: No | AF3: No | AG3: No | AH3: No | AI3: Si | AJ3: No | AK3: No | AL3: No | AM3: No | AN3: No | AO3: No
A4: 45363.443 | B4: candelaldana@gmail.com | C4: INSTITUTO SAN LUIS GONZAGA | D4: 061107100 | E4: 10. Liceos / Normales / Colegios / Institutos de otras orientaciones | F4: Comunicaciones | G4: Privada | H4: Candela Aldana Lorusso | I4: Aun no están determinados los profesores acompañantes | J4: Aun no están determinados los profesores acompañantes | K4: candelaldana@gmail.com | L4: PARTIDOS DEL GRAN BUENOS AIRES-OESTE | M4: Tapiales / La Matanza | N4: 31 | O4: 6º Secundaria (Prov.) / 5º Media (CABA) | P4: 2 | Q4: 4 | R4: 50 | T4: Si | U4: No | V4: Martes 23/4 | W4: Si | X4: No | Y4: No | Z4: No | AA4: No | AB4: Si | AC4: No | AD4: No | AE4: No | AF4: No | AG4: No | AH4: No | AI4: Si | AJ4: No | AK4: No | AL4: No | AM4: No | AN4: No | AO4: No
A5: 45363.475 | B5: santiagoandreanoemi@gmail.com | C5: Escuela de Educación Secundaria N° 3 Profeso Francisco J Salustio Quilmes | D5: 061000200 | E5: 1. Liceos / Normales / Colegios / Institutos orientados en ciencias naturales y/o exactas | F5: Ciencias Naturales | G5: Estatal | H5: Andrea Santiago | I5: Gabriela Cortés | J5: Jorge Domeneguini | K5: santiagoandreanoemi@gmail.com | L5: PARTIDOS DEL GRAN BUENOS AIRES-SUR | M5: Quilmes Oeste | N5: 35 | O5: 6º Secundaria (Prov.) / 5º Media (CABA) | P5: 2 | Q5: 2 | R5: 90 | T5: Si | U5: Si | V5: Martes 23/4 | W5: Si | X5: Si | Y5: Si | Z5: Si | AA5: No | AB5: No | AC5: No | AD5: No | AE5: No | AF5: No | AH5: Si | AO5: Si
A6: 45363.491 | B6: fbillone@lasnieves.edu.ar | C6: Nuestra señora de las nieves | D6: 020073800 | E6: 1. Liceos / Normales / Colegios / Institutos orientados en ciencias naturales y/o exactas | F6: Naturales | G6: Privada | H6: Florencia billone | I6: Mariana Ceraolo | K6: fbillone@lasnieves.edu.ar | L6: CABA | M6: Liniers | N6: 21 | O6: 5º Secundaria (Prov.) / 4º Media (CABA) | P6: 5 | Q6: 4 | R6: 0 | T6: Si | U6: No | V6: Martes 23/4 | W6: Si | X6: Si | Y6: Si | Z6: No | AA6: Si | AB6: Si | AC6: Si | AD6: No | AE6: No | AF6: No | AG6: Si | AH6: Si | AI6: Si | AJ6: No | AK6: No | AL6: Si | AM6: Si | AN6: No | AO6: No
A7: 45363.518 | B7: rominasanchez@njypater.com | C7: Instituto Pater c.e. | D7: 061933100 | E7: 1. Liceos / Normales / Colegios / Institutos orientados en ciencias naturales y/o exactas | F7: Sociales y economia | G7: Privada | H7: Romina Sanchez | I7: Gisela Marino | J7: Pablo Godoi | K7: rominasanchez@njypater.com | L7: PARTIDOS DEL GRAN BUENOS AIRES-SUR | M7: Bernal Quilmes | N7: 20 | O7: 5º Secundaria (Prov.) / 4º Media (CABA) | P7: 4 | Q7: 2 | R7: 20 | T7: Si | U7: No | V7: Martes 23/4 | W7: No | X7: No | Y7: Si | Z7: No | AA7: Si | AB7: Si | AC7: Si | AD7: Si | AE7: No | AF7: No | AG7: No | AH7: Si | AI7: No | AJ7: No | AK7: No | AL7: No | AM7: Si | AN7: No | AO7: No | AP7: Los alumnos realizan un proyecto sobre mate juegos y vendría genial! Gracias!
A8: 45363.521 | B8: secundaria@santiagoapostol.edu.ar | C8: Instituto Argentino Gallego Santiago Apóstol | D8: 020212700 | E8: 10. Liceos / Normales / Colegios / Institutos de otras orientaciones | F8: Bachiller con Orientación en ciencias sociales y humanidades | G8: Privada | H8: Rodriguez Bibiana | I8: Da Silva Rocio | K8: secundaria@santiagoapostol.edu.ar | L8: CABA | M8: Once | N8: 23 | O8: 6º Secundaria (Prov.) / 5º Media (CABA) | P8: 4 | Q8: 3 | R8: 0 | T8: Si | U8: No | V8: Martes 23/4 | W8: No | X8: Si | Y8: No | Z8: No | AA8: Si | AB8: No | AC8: No | AD8: No | AE8: No | AF8: Si | AG8: No | AH8: No | AI8: Si | AJ8: No | AK8: No | AL8: No | AM8: No | AN8: Si | AO8: No
A9: 45363.523 | B9: secundario@santiagoapostol.edu.ar | C9: Instituto Argentino Gallego Santiago Apóstol | D9: 020212700 | E9: 9. Liceos / Normales / Colegios / Institutos orientados en ciencias sociales y/o humanidades | F9: Bachiller con Orientación en Ciencias Sociales y Humanidades | G9: Privada | H9: Rodriguez Bibiana | I9: Rocio Da Silva | J9: Diego Colombo | K9: secundaria@santiagoapostol.edu.ar | L9: CABA | M9: Once | N9: 20 | O9: 5º Secundaria (Prov.) / 4º Media (CABA) | P9: 4 | Q9: 2 | R9: 0 | S9: Hicimos otra respuesta para poder ir con 4º y 5º año | T9: Si | U9: No | V9: Martes 23/4 | W9: No | X9: Si | Y9: No | Z9: No | AA9: Si | AB9: No | AC9: No | AD9: No | AE9: No | AF9: Si | AG9: No | AH9: No | AI9: Si | AJ9: No | AK9: No | AL9: No | AM9: No | AN9: Si | AO9: No | AP9: Hicimos dos formularios para ir con nuestros estudiantes de 4º y 5º año
A10: 45363.525 | B10: rominasanchez@njypater.com | C10: Instituto Pater c.e. | D10: 061933100 | E10: 1. Liceos / Normales / Colegios / Institutos orientados en ciencias naturales y/o exactas | F10: Sociales y Economia | G10: Privada | H10: Gisela Marino | I10: Romina Sanchez | J10: Pablo Godoi | K10: rominasanchez@njypater.com | L10: PARTIDOS DEL GRAN BUENOS AIRES-SUR | M10: Bernal Quilmes | N10: 35 | O10: 5º Secundaria (Prov.) / 4º Media (CABA) | P10: 4 | Q10: 2 | R10: 20 | T10: Si | U10: No | V10: Martes 23/4 | W10: No | X10: Si | Y10: No | Z10: No | AA10: Si | AB10: Si | AC10: Si | AD10: Si | AE10: No | AF10: No | AG10: No | AH10: Si | AI10: Si | AJ10: No | AK10: No | AL10: Si | AM10: No | AN10: No | AO10: No | AP10: Los estudiantes harán un proyecto sobre mate juegos vendría genial esta visita! Gracias
A11: 45363.543 | B11: jvibanez13@gmail.com | C11: Instituto Mercedes Pacheco | D11: 020029500 | E11: 9. Liceos / Normales / Colegios / Institutos orientados en ciencias sociales y/o humanidades | F11: Humanidades | G11: Privada | H11: Jorge Ibañez | I11: Luciana Perea | K11: jvibanez13@gmail.com | L11: CABA | M11: Recoleta | N11: 35 | O11: 6º Secundaria (Prov.) / 5º Media (CABA) | P11: 2 | Q11: 2 | R11: 5 | T11: No | U11: Si | V11: Martes 23/4 | W11: No | X11: No | Y11: No | Z11: Si | AA11: No | AB11: No | AC11: No | AD11: No | AE11: No | AF11: Si | AG11: No | AH11: No | AI11: No | AJ11: Si | AK11: Si | AL11: No | AM11: No | AN11: Si | AO11: Si | AP11: Nunca participamos
A12: 45363.555 | B12: auniversidad@goethe.edu.ar | C12: Instituto Escolar Goethe Schule | D12: 061215200 | E12: 1. Liceos / Normales / Colegios / Institutos orientados en ciencias naturales y/o exactas | F12: Ciencias Naturales | G12: Privada | H12: Tatiana Wolff | I12: Melina Seinfert | K12: auniversidad@goethe.edu.ar | L12: PARTIDOS DEL GRAN BUENOS AIRES-NORTE | M12: Boologne Sur Mer | N12: 25 | O12: 6º Secundaria (Prov.) / 5º Media (CABA) | P12: 5 | Q12: 5 | R12: 0 | T12: Si | U12: Si | V12: Martes 23/4 | W12: No | X12: Si | Y12: Si | Z12: No | AA12: Si | AB12: No | AC12: No | AD12: No | AE12: No | AF12: Si | AG12: No | AH12: No | AI12: Si | AJ12: Si | AK12: Si | AL12: No | AM12: No | AN12: No | AO12: No
A13: 45363.631 | B13: jessicaamaidana@gmail.com | C13: Instituto Educacional Argentino Nuestra Señora de Luján | D13: 20059400 | E13: 3. Técnicas en administración de empresas, administración de las organizaciones, servicios turísticos, multimedios | F13: Economía | G13: Privada | H13: Maidana Jessica | I13: Fenando beitia | J13: Fernanda goldaracena | K13: jessicaamaidana@gmail.com | L13: CABA | M13: Villa Pueyrredón | N13: 31 | O13: 6º Secundaria (Prov.) / 5º Media (CABA) | P13: 4 | Q13: 5 | R13: 30 | T13: Si | U13: No | V13: Martes 23/4 | W13: Si | X13: Si | Y13: Si | Z13: No | AA13: Si | AB13: Si | AC13: Si | AD13: No | AE13: No | AF13: No | AG13: Si | AH13: Si | AI13: Si | AJ13: No | AK13: No | AL13: Si | AM13: Si | AN13: No | AO13: No
A14: 45363.647 | B14: mercedesgonzalez@institutourquiza.edu.ar | C14: Instituto Justo José de Urquiza SRL | D14: 201342 | E14: 9. Liceos / Normales / Colegios / Institutos orientados en ciencias sociales y/o humanidades | F14: Comunicación | G14: Privada | H14: Mercedes Gonzalez | I14: Martín Volpatti | J14: Carlos Espósito | K14: mercedesgonzalez@institutourquiza.edu.ar | L14: CABA | M14: Caballito | N14: 20 | O14: 5º Secundaria (Prov.) / 4º Media (CABA) | P14: 4 | Q14: 1 | R14: 10 | T14: Si | U14: No | V14: Martes 23/4 | W14: Si | X14: Si | Y14: No | Z14: No | AA14: Si | AB14: Si | AC14: Si | AD14: No | AE14: No | AF14: No | AG14: Si | AH14: Si | AI14: Si | AJ14: No | AK14: No | AL14: Si | AM14: Si | AN14: No | AO14: No
A15: 45363.647 | B15: vanina.acuna89@gmail.com | C15: Instituto palomar de caseros | D15: 060578000 | E15: 9. Liceos / Normales / Colegios / Institutos orientados en ciencias sociales y/o humanidades | F15: Ciencias sociales | G15: Privada | H15: Vanina Acuña | I15: Claudia Cicarelli | J15: Leonardo Cardaci | K15: vanina.acuna89@gmail.com | L15: PARTIDOS DEL GRAN BUENOS AIRES-OESTE | M15: Ciudad jardin | N15: 25 | O15: 6º Secundaria (Prov.) / 5º Media (CABA) | P15: 3 | Q15: 3 | R15: 10 | T15: No | U15: Si | V15: Martes 23/4 | W15: No | X15: No | Y15: No | Z15: Si | AA15: No | AB15: No | AC15: No | AD15: Si | AE15: Si | AF15: Si | AG15: No | AH15: No | AI15: No | AJ15: Si | AK15: Si | AL15: No | AM15: No | AN15: Si | AO15: Si
A16: 45363.65 | B16: vanina.acuna89@gmail.com | C16: Instituto palomar de caseros | D16: 060578000 | E16: 10. Liceos / Normales / Colegios / Institutos de otras orientaciones | F16: Comunicaciones | G16: Privada | H16: Vanina acuña | I16: Claudia cicarelli | J16: Leonardo cardaci | K16: vanina.acuna89@gmail.com | L16: PARTIDOS DEL GRAN BUENOS AIRES-OESTE | M16: Ciudad jardin | N16: 20 | O16: 6º Secundaria (Prov.) / 5º Media (CABA) | P16: 3 | Q16: 3 | R16: 10 | T16: No | U16: Si | V16: Martes 23/4 | W16: No | X16: No | Y16: No | Z16: Si | AA16: No | AB16: No | AC16: No | AD16: Si | AE16: Si | AF16: Si | AG16: No | AH16: No | AI16: No | AJ16: Si | AK16: Si | AL16: No | AM16: No | AN16: Si | AO16: Si
A17: 45363.683 | B17: julieta.pianetti@bue.edu.ar | C17: ESC. TEC. Nº 30 NORBERTO PINERO DE 02 | D17: 020144800 | E17: 5. Técnicas área producción (electromecánica, mecánica, metalurgia, electricidad, automotores, refrigeración, construcciones, maestro mayor de obras, aeronáutica, naval, aviónico, óptico, en geografía matemática) | F17: Electromecánica | G17: Estatal | H17: Julieta Pianetti | I17: Gisela Martínez | J17: Alejandro Barrera | K17: julieta.pianetti@bue.edu.ar | L17: CABA | M17: Almagro | N17: 22 | O17: 5º Secundaria (Prov.) / 4º Media (CABA) | P17: 5 | Q17: 5 | R17: 90 | T17: Si | U17: No | V17: Martes 23/4 | W17: No | X17: No | Y17: No | Z17: No | AA17: Si | AB17: No | AC17: No | AD17: No | AE17: No | AF17: No | AG17: No | AH17: Si | AI17: No | AJ17: No | AK17: No | AL17: No | AM17: Si | AN17: No | AO17: No
A18: 45363.708 | B18: lucila.zobra@colegiosanfranciscocoll.com.ar | C18: COLEGIO SAN FRANCISCO COLL | D18: 020078500 | E18: 10. Liceos / Normales / Colegios / Institutos de otras orientaciones | F18: Economía y Administración | G18: Privada | H18: María Lucila Zobra | I18: Silvina Salvia | J18: Sofía Rodríguez Bazzi | K18: lucila.zobra@colegiosanfranciscocoll.com.ar | L18: CABA | M18: Villa Urquiza | N18: 35 | O18: 6º Secundaria (Prov.) / 5º Media (CABA) | P18: 2 | Q18: 3 | R18: 75 | T18: Si | U18: No | V18: Martes 23/4 | W18: Si | X18: No | Y18: No | Z18: No | AA18: No | AB18: Si | AC18: No | AD18: No | AE18: No | AF18: No | AG18: No | AH18: No | AI18: Si | AJ18: No | AK18: No | AL18: Si | AM18: No | AN18: No | AO18: No | AP18: No habría problema con modificar los horarios de talleres, actividades y charlas respetando día y turno.
A19: 45363.711 | B19: lucila.zobra@colegiosanfranciscocoll.com.ar | C19: COLEGIO SAN FRANCISCO COLL | D19: 020078500 | E19: 10. Liceos / Normales / Colegios / Institutos de otras orientaciones | F19: Economía y Administración | G19: Privada | H19: Lucila Zobra | I19: Cecilia Mota | J19: Macarena Sanguiao | K19: lucila.zobra@colegiosanfranciscocoll.com.ar | L19: CABA | M19: Villa Urquiza | N19: 35 | O19: 6º Secundaria (Prov.) / 5º Media (CABA) | P19: 2 | Q19: 3 | R19: 75 | T19: Si | U19: No | V19: Martes 23/4 | W19: Si | X19: No | Y19: No | Z19: No | AA19: No | AB19: Si | AC19: No | AD19: No | AE19: No | AF19: No | AG19: No | AH19: No | AI19: Si | AJ19: No | AK19: No | AL19: Si | AM19: No | AN19: No | AO19: No | AP19: No habría problema con modificar los horarios de talleres, actividades y charlas respetando día y turno.
A20: 45363.724 | B20: zelayaandrea@hotmail.com | C20: Instituto Don Orione | D20: 61338200 | E20: 1. Liceos / Normales / Colegios / Institutos orientados en ciencias naturales y/o exactas | F20: Naturales | G20: Privada | H20: Zelaya maria Andrea | I20: Glliozzi sandra | J20: SCHMITLEIN CLAUDIA | K20: zelayaandrea@hotmail.com | L20: PARTIDOS DEL GRAN BUENOS AIRES-SUR | M20: Florencio varela | N20: 30 | O20: 6º Secundaria (Prov.) / 5º Media (CABA) | P20: 5 | Q20: 5 | R20: 40 | S20: . | T20: Si | U20: No | V20: Martes 23/4 | W20: Si | X20: No | Y20: No | Z20: No | AA20: No | AB20: No | AC20: No | AD20: Si | AE20: No | AF20: No | AG20: No | AH20: Si | AJ20: No | AK20: No | AL20: No | AM20: Si | AN20: No | AO20: No
A21: 45363.727 | B21: zelayaandrea@hotmail.com | C21: Instituto Don Orione | D21: 61338200 | E21: 1. Liceos / Normales / Colegios / Institutos orientados en ciencias naturales y/o exactas | F21: Orientacion en Economía | G21: Privada | H21: Zelaya Maria Andrea | I21: Gliozzi Sandra | J21: Schmitlein claudia | K21: zelayaandrea@hotmail.com | L21: PARTIDOS DEL GRAN BUENOS AIRES-SUR | M21: Florencio Varela | N21: 30 | O21: 6º Secundaria (Prov.) / 5º Media (CABA) | P21: 5 | Q21: 5 | R21: 40 | S21: . | T21: Si | U21: Si | V21: Martes 23/4 | W21: Si | X21: No | Y21: No | Z21: No | AA21: No | AB21: No | AC21: No | AD21: Si | AE21: No | AF21: No | AG21: No | AH21: Si | AI21: No | AJ21: No | AK21: No | AL21: No | AM21: Si | AN21: No | AO21: No
A22: 45363.727 | B22: lilianamercado@colegioubaescobar.gob.ar | C22: Cereijo UBA | D22: 1111111 | E22: 1. Liceos / Normales / Colegios / Institutos orientados en ciencias naturales y/o exactas | F22: Exactas | G22: Estatal | H22: Liliana Mercado | I22: Marlene Aguirre | K22: lilianamercado@colegioubaescobar.gob.ar | L22: PARTIDOS DEL GRAN BUENOS AIRES-NORTE | M22: Belén de Escobar | N22: 35 | O22: 4º Secundaria (Prov:) / 3º Media (CABA) | P22: 5 | Q22: 5 | R22: 0 | T22: Si | U22: Si | V22: Martes 23/4 | W22: Si | X22: Si | Y22: Si | Z22: Si | AA22: Si | AB22: Si | AC22: Si | AD22: Si | AE22: No | AF22: No | AG22: Si | AL22: Si | AM22: Si
A23: 45363.73 | B23: lilianamercado@colegioubaescobar.gob.ar | C23: Cereijo UBA | D23: 1111111 | E23: 1. Liceos / Normales / Colegios / Institutos orientados en ciencias naturales y/o exactas | F23: Arte | G23: Estatal | H23: Liliana Mercado | I23: Sebastián Furlong | K23: lilianamercado@colegioubaescobar.gob.ar | L23: PARTIDOS DEL GRAN BUENOS AIRES-NORTE | M23: Belén de Escobar | N23: 35 | O23: 4º Secundaria (Prov:) / 3º Media (CABA) | P23: 5 | Q23: 5 | R23: 0 | T23: Si | U23: Si | V23: Martes 23/4 | W23: Si | X23: Si | Y23: Si | Z23: Si | AA23: Si | AB23: Si | AC23: Si | AD23: Si | AE23: Si | AF23: Si | AG23: Si | AH23: Si | AI23: Si | AJ23: Si | AK23: Si | AL23: Si | AM23: Si | AN23: Si | AO23: Si
A24: 45363.866 | B24: saulprofe2024@gmail.com | C24: Escuela de Educación Secundaria Nro 5 Belgrano Educador | D24: 060917900 | E24: 1. Liceos / Normales / Colegios / Institutos orientados en ciencias naturales y/o exactas | F24: Ciencias naturales y ciencias sociales | G24: Estatal | H24: Saúl Flores | I24: Walter Marquez | J24: Nadia Oflaerti | K24: saulprofe2024@gmail.com | L24: PARTIDOS DEL GRAN BUENOS AIRES-OESTE | M24: Campo de mayo | N24: 35 | O24: 6º Secundaria (Prov.) / 5º Media (CABA) | P24: 3 | Q24: 5 | R24: 40 | T24: No | U24: Si | V24: Martes 23/4 | W24: No | X24: No | Y24: No | Z24: No | AA24: No | AB24: No | AC24: No | AD24: Si | AE24: No | AF24: No | AJ24: Si | AO24: Si | AP24: No me deja marcar las opciones de visitaa guiadas y talleres.
A25: 45363.869 | B25: gisela.serrano@bue.edu.ar | C25: Escuela Normal Superior N°4 "Estanislao S. Zeballos" | D25: 20129700 | E25: 1. Liceos / Normales / Colegios / Institutos orientados en ciencias naturales y/o exactas | F25: Matemática-Física | G25: Estatal | H25: Gisela Serrano | I25: Natalia Grandal | J25: Yamile Bohorquez | K25: gisela.serrano@bue.edu.ar | L25: CABA | M25: Caballito | N25: 26 | O25: 6º Secundaria (Prov.) / 5º Media (CABA) | P25: 5 | Q25: 4 | R25: 10 | T25: Si | U25: No | V25: Martes 23/4 | W25: Si | X25: No | Y25: No | Z25: No | AA25: No | AB25: Si | AC25: No | AD25: No | AE25: No | AF25: No | AG25: No | AH25: No | AI25: Si | AJ25: No | AK25: No | AL25: No | AM25: No | AN25: No | AO25: No
A26: 45363.972 | B26: simonespinoza@colegiopiaget.edu.ar | C26: COLEGIO PIAGET | D26: 061222400 | E26: 4. Artísticas de todas las orientaciones | F26: Secundario orientación en artes | G26: Privada | H26: Magalí Garbuglia | I26: Gustavo Jaimes | J26: Simón Espinoza | K26: secundaria@colegiopiaget.edu.ar | L26: PARTIDOS DEL GRAN BUENOS AIRES-NORTE | M26: San Isidro | N26: 22 | O26: 5º Secundaria (Prov.) / 4º Media (CABA) | P26: 5 | Q26: 3 | R26: 0 | S26: Deseamos que nuestros estudiantes reconozcan la importancia de la matemática como disciplina transversal a todas | T26: Si | U26: Si | V26: Martes 23/4 | W26: Si | X26: Si | Y26: Si | Z26: No | AA26: Si | AB26: Si | AC26: Si | AD26: Si | AE26: Si | AF26: No | AG26: Si | AH26: Si | AI26: Si | AJ26: Si | AK26: No | AL26: Si | AM26: Si | AN26: No | AO26: No
A27: 45364.025 | B27: laurabusso@bue.edu.ar | C27: Normal 9 D. F. Sarmiento | D27: 00201177 | E27: 1. Liceos / Normales / Colegios / Institutos orientados en ciencias naturales y/o exactas | F27: Naturales y turismo | G27: Estatal | H27: María Laura Busso | I27: Gonzalo Godoy | J27: Lorena García | K27: laurabusso@bue.edu | L27: CABA | M27: Balvanera | N27: 35 | O27: 6º Secundaria (Prov.) / 5º Media (CABA) | P27: 3 | Q27: 3 | R27: 80 | S27: Poblacion escolar en su mayor parte del barrio de retiro | T27: Si | U27: No | V27: Martes 23/4 | W27: No | X27: No | Y27: Si | Z27: No | AA27: No | AB27: No | AC27: No | AD27: No | AE27: No | AF27: No | AG27: Si | AH27: No | AI27: No | AJ27: No | AK27: No | AL27: Si | AM27: No | AN27: No | AO27: No
A28: 45364.026 | B28: wmarquez@abc.gob.ar | C28: E.E.S n⁰5 "Belgrano Educador" | D28: 060917900 | E28: 1. Liceos / Normales / Colegios / Institutos orientados en ciencias naturales y/o exactas | F28: Exactas | G28: Estatal | H28: Walter Marquez | I28: Javier Delia | J28: Silvana Sosa | K28: wmarquez@abc.gob.ar | L28: PARTIDOS DEL GRAN BUENOS AIRES-OESTE | M28: San miguel | N28: 35 | O28: 6º Secundaria (Prov.) / 5º Media (CABA) | P28: 3 | Q28: 4 | R28: 40 | T28: Si | U28: Si | V28: Martes 23/4 | W28: No | X28: Si | Y28: Si | Z28: Si | AA28: No | AB28: Si | AC28: Si | AD28: Si | AE28: Si | AF28: Si | AG28: No | AH28: Si | AI28: Si | AJ28: Si | AK28: Si | AL28: Si | AM28: Si | AN28: Si | AO28: Si
A29: 45364.037 | B29: laurabusso@bue.edu.ar | C29: Normal 9 | D29: 201177 | E29: 1. Liceos / Normales / Colegios / Institutos orientados en ciencias naturales y/o exactas | F29: Turismo y naturales | G29: Estatal | H29: María Laura Busso | I29: Gonzalo Godoy | J29: Lorena García | K29: laurabusso@bue.edu.ar | L29: CABA | M29: Balvanera | N29: 35 | O29: 6º Secundaria (Prov.) / 5º Media (CABA) | P29: 3 | Q29: 3 | R29: 85 | T29: Si | U29: No | V29: Martes 23/4 | W29: No | X29: No | Y29: Si | Z29: No | AA29: No | AB29: No | AC29: No | AD29: No | AE29: No | AF29: No | AG29: Si | AH29: No | AI29: No | AJ29: No | AK29: No | AL29: No | AM29: Si | AN29: No | AO29: No
A30: 45364.391 | B30: marucha1673@gmail.com | C30: INSTITUTO EDUCACIONAL ARGENTINO NUESTRA SEÑORA DE LUJAN | D30: 61 | E30: 10. Liceos / Normales / Colegios / Institutos de otras orientaciones | F30: Informática | G30: Privada | H30: LAUTARO | I30: PEREYRA LIMA | J30: Fernanda Goldaracena | K30: maru.cuba73@gmail.com | L30: CABA | M30: Vila Pueyrredon | N30: 35 | O30: 6º Secundaria (Prov.) / 5º Media (CABA) | P30: 4 | Q30: 4 | R30: 10 | T30: Si | U30: No | V30: Martes 23/4 | W30: Si | X30: Si | Y30: No | Z30: No | AA30: Si | AB30: Si | AC30: Si | AD30: Si | AE30: No | AF30: No | AG30: Si | AH30: Si | AI30: Si | AJ30: No | AK30: No | AL30: Si | AM30: Si | AN30: No | AO30: No
A31: 45364.402 | B31: maru.cuba73@gmail.com | C31: INSTITUTO EDUCACIONAL ARGENTINO NUESTRA SEÑORA DE LUJAN | D31: 61 | E31: 10. Liceos / Normales / Colegios / Institutos de otras orientaciones | F31: INFORMATICA | G31: Privada | H31: MARIELA CUBA | I31: FERNANDO OLIVA | J31: FERNANDA GOLDARACENA | K31: maru.cuba73@gmail.com | L31: CABA | M31: VILLA PUEYRREDON | N31: 35 | O31: 6º Secundaria (Prov.) / 5º Media (CABA) | P31: 4 | Q31: 4 | R31: 10 | T31: Si | U31: No | V31: Martes 23/4 | W31: Si | X31: Si | Y31: Si | Z31: No | AA31: Si | AB31: Si | AC31: Si | AD31: No | AE31: No | AF31: No | AG31: Si | AH31: Si | AI31: Si | AJ31: No | AK31: No | AL31: Si | AM31: Si | AN31: No | AO31: No | AP31: LOS ALUMNOS ESTAN BUSCANDO QUE ESTUDIAR Y ESTO LES AYUDARIA MUCHISIMO
A32: 45364.429 | B32: smorel@sanvicenteescobar.edu.ar | C32: Instituto San Vicente de Paul | D32: 061310300 | E32: 1. Liceos / Normales / Colegios / Institutos orientados en ciencias naturales y/o exactas | F32: Bachiller con orientación en Ciencias Naturales | G32: Privada | H32: Silvana Morel | I32: Lorena Medina | J32: Diego Torres | K32: smorel@sanvicenteescobar.edu.ar | L32: PARTIDOS DEL GRAN BUENOS AIRES-NORTE | M32: Escobar | N32: 32 | O32: 6º Secundaria (Prov.) / 5º Media (CABA) | P32: 5 | Q32: 3 | R32: 0 | T32: Si | U32: No | V32: Martes 23/4 | W32: Si | X32: Si | Y32: Si | Z32: No | AA32: Si | AB32: Si | AC32: Si | AD32: No | AE32: No | AF32: No | AG32: Si | AH32: Si | AI32: Si | AJ32: No | AK32: No | AL32: Si | AM32: Si | AN32: No | AO32: No
A33: 45364.429 | B33: lmedina@sanvicenteescobar.edu.ar | C33: Instituto San Vicente de Paul | D33: 061310300 | E33: 9. Liceos / Normales / Colegios / Institutos orientados en ciencias sociales y/o humanidades | F33: Bachiller con orientación en Cs Sociales | G33: Privada | H33: Lorena Medina | I33: Silvana Morel | J33: Lorena Rodriguez | K33: lmedina@sanvicenteescobar.edu.ar | L33: PARTIDOS DEL GRAN BUENOS AIRES-NORTE | M33: Escobar | N33: 35 | O33: 6º Secundaria (Prov.) / 5º Media (CABA) | P33: 5 | Q33: 3 | R33: 0 | T33: Si | U33: No | V33: Martes 23/4 | W33: Si | X33: Si | Y33: Si | Z33: No | AA33: Si | AB33: Si | AC33: Si | AD33: No | AE33: No | AF33: No | AG33: Si | AH33: Si | AI33: Si | AJ33: No | AK33: No | AL33: Si | AM33: Si | AN33: No | AO33: No
A34: 45364.76 | B34: silviaetchebehere@colegiocanada.edu.ar | C34: Colegio Canadá | D34: 641 | E34: 9. Liceos / Normales / Colegios / Institutos orientados en ciencias sociales y/o humanidades | F34: Ciencias Sociales | G34: Privada | H34: Silvia Mara Etchebehere | I34: Luciana Rodríguez | J34: Paola Reyes | K34: silviaetchebehere@colegiocanada.edu.ar | L34: CABA | M34: Caballito/Caba31 | N34: 31 | O34: 5º Secundaria (Prov.) / 4º Media (CABA) | P34: 5 | Q34: 4 | R34: 10 | T34: Si | U34: No | V34: Martes 23/4 | W34: Si | X34: Si | Y34: Si | Z34: No | AA34: Si | AB34: Si | AC34: Si | AD34: No | AE34: No | AF34: No | AG34: Si | AH34: Si | AI34: Si | AJ34: No | AK34: No | AL34: Si | AM34: Si | AN34: No | AO34: No
A35: 45364.763 | B35: silviaetchebehere@colegiocanada.edu.ar | C35: Colegio Canadá | D35: 641 | E35: 9. Liceos / Normales / Colegios / Institutos orientados en ciencias sociales y/o humanidades | F35: Ciencias Sociales | G35: Privada | H35: Silvia Mara Etchebehere | I35: Luciana Rodríguez | J35: Paola Reyes | K35: silviaetchebehere@colegiocanada.edu.ar | L35: CABA | M35: Caballito Caba | N35: 30 | O35: 5º Secundaria (Prov.) / 4º Media (CABA) | P35: 5 | Q35: 4 | R35: 10 | T35: Si | U35: No | V35: Martes 23/4 | W35: Si | X35: Si | Y35: Si | Z35: No | AA35: Si | AB35: Si | AC35: Si | AD35: No | AE35: No | AF35: No | AG35: Si | AH35: Si | AI35: Si | AJ35: No | AK35: No | AL35: Si | AM35: Si | AN35: No | AO35: No
A36: 45364.795 | B36: jaquelin.e.pereyra@hotmail.com | C36: Escuela de Educación Secundaria N°35 | D36: 061826600 | E36: 10. Liceos / Normales / Colegios / Institutos de otras orientaciones | F36: Comunicación | G36: Estatal | H36: Jaqueline Pereyra | I36: Natalia Gómez | J36: Norma Gaitán | K36: jaquelin.e.pereyra@hotmail.com | L36: PARTIDOS DEL GRAN BUENOS AIRES-SUR | M36: Luis Guillón | N36: 30 | O36: 6º Secundaria (Prov.) / 5º Media (CABA) | P36: 3 | Q36: 2 | R36: 90 | S36: Los alumnos de nuestra institución provienen de un sector social y económicamente bulnerables por lo que esperan y valoran las salidas educativas | T36: Si | U36: Si | V36: Martes 23/4 | W36: Si | X36: Si | Y36: Si | Z36: Si | AA36: Si | AB36: Si | AC36: Si | AD36: Si | AE36: Si | AF36: Si | AG36: Si | AH36: Si | AI36: Si | AJ36: Si | AK36: Si | AL36: Si | AM36: Si | AN36: Si | AO36: Si | AP36: La cantidad de alumnos es aproximada debido a que algunos están en condición de rendir 3er materia para pasar a 6to
A37: 45365.483 | B37: agustina.stern@strinidad.edu.ar | C37: COLEGIO SANTA TRINIDAD | D37: 061217100 | E37: 1. Liceos / Normales / Colegios / Institutos orientados en ciencias naturales y/o exactas | F37: Economía | G37: Privada | H37: María Agustina Stern | I37: Paula Giussi | K37: agustina.stern@strinidad.edu.ar | L37: PARTIDOS DEL GRAN BUENOS AIRES-NORTE | M37: San Isidro | N37: 25 | O37: 6º Secundaria (Prov.) / 5º Media (CABA) | P37: 4 | Q37: 2 | R37: 0 | T37: Si | U37: No | V37: Martes 23/4 | W37: Si | X37: Si | Y37: No | Z37: No | AA37: Si | AB37: Si | AC37: Si | AD37: No | AE37: No | AF37: No | AG37: Si | AH37: Si | AI37: No | AJ37: No | AK37: No | AL37: No | AM37: No | AN37: No | AO37: No
A38: 45365.487 | B38: agustina.stern@strinidad.edu.ar | C38: COLEGIO SANTA TRINIDAD | D38: 061217100 | E38: 9. Liceos / Normales / Colegios / Institutos orientados en ciencias sociales y/o humanidades | F38: Sociales | G38: Privada | H38: María Agustina Stern | I38: Paula Giussi | K38: agustina.stern@strinidad.edu.ar | L38: PARTIDOS DEL GRAN BUENOS AIRES-NORTE | M38: San isidro | N38: 15 | O38: 6º Secundaria (Prov.) / 5º Media (CABA) | P38: 4 | Q38: 2 | R38: 0 | T38: Si | U38: No | V38: Martes 23/4 | W38: Si | X38: Si | Y38: No | Z38: No | AA38: Si | AB38: Si | AC38: Si | AD38: No | AE38: No | AF38: No | AG38: Si | AH38: Si | AI38: No | AJ38: No | AK38: No | AL38: No | AM38: No | AN38: No | AO38: No
A39: 45365.496 | B39: rosana.dionisio@bue.edu.ar | C39: Esc. de Comercio N° 33 DE 18 "Maipú" | D39: 20068000 | E39: 10. Liceos / Normales / Colegios / Institutos de otras orientaciones | F39: Administración y Economía | G39: Estatal | H39: Dionisio Rosana | I39: Daniel Guillermo | J39: Illariuzzi Ignacio | K39: rosana.dionisio@bue.edu.ar | L39: CABA | M39: Monte Castro | N39: 35 | O39: 6º Secundaria (Prov.) / 5º Media (CABA) | P39: 4 | Q39: 4 | R39: 50 | T39: No | U39: Si | V39: Martes 23/4 | W39: No | X39: No | Y39: No | Z39: Si | AA39: No | AB39: No | AC39: No | AD39: No | AE39: No | AF39: Si | AG39: No | AH39: No | AI39: No | AJ39: No | AK39: Si | AL39: No | AM39: No | AN39: No | AO39: No
A40: 45365.539 | B40: sgil@sancayetanoliniers.edu.ar | C40: Instituto San Cayetano | D40: 020066300 | E40: 9. Liceos / Normales / Colegios / Institutos orientados en ciencias sociales y/o humanidades | F40: Economía y humanidades | G40: Privada | H40: Stella Maris Gil | I40: Lorena Garay | K40: Sgil@sancayetanoliniers.edu.ar | L40: CABA | M40: Liniers | N40: 35 | O40: 6º Secundaria (Prov.) / 5º Media (CABA) | P40: 3 | Q40: 1 | R40: 30 | T40: Si | U40: No | V40: Martes 23/4 | W40: Si | X40: No | Y40: Si | Z40: No | AA40: No | AB40: Si | AC40: No | AD40: No | AE40: No | AF40: No | AI40: No | AJ40: Si | AL40: No | AM40: No | AN40: No | AO40: Si
A41: 45365.564 | B41: sgil@sancayetanoliniers.edu.ar | C41: Instituto San Cayetano | D41: 020066300 | E41: 9. Liceos / Normales / Colegios / Institutos orientados en ciencias sociales y/o humanidades | F41: Economia y humanidades | G41: Privada | H41: Gil stella Maris | I41: Galvan | K41: sgil@sancayetanoliniers.edu.ar | L41: CABA | M41: Liniers | N41: 30 | O41: 6º Secundaria (Prov.) / 5º Media (CABA) | P41: 3 | Q41: 3 | R41: 30 | T41: Si | U41: No | V41: Martes 23/4 | W41: Si | X41: No | Y41: No | Z41: No | AA41: No | AB41: Si | AC41: No | AD41: No | AE41: No | AF41: Si | AG41: No | AH41: No | AI41: Si | AJ41: No | AK41: No | AN41: Si
A42: 45365.572 | B42: jp.alvarez29@gmail.com | C42: Instituto Almirante Guillermo Brown | D42: 60627100 | E42: 9. Liceos / Normales / Colegios / Institutos orientados en ciencias sociales y/o humanidades | F42: Ciencias sociales | G42: Privada | H42: Juan Pablo Alvarez | I42: Carolina Roqueiro | J42: Cecilia Cuello | K42: jp.alvarez29@gmail.com | L42: PARTIDOS DEL GRAN BUENOS AIRES-OESTE | M42: Haedo, Morón | N42: 35 | O42: 6º Secundaria (Prov.) / 5º Media (CABA) | P42: 5 | Q42: 3 | R42: 15 | T42: Si | U42: No | V42: Martes 23/4 | W42: Si | X42: No | Y42: No | Z42: No | AA42: No | AB42: Si | AC42: No | AD42: No | AE42: No | AF42: No | AJ42: Si | AL42: No | AM42: Si | AN42: No | AO42: No
A43: 45365.632 | B43: jessicaamaidana@gmail.com | C43: Instituto Educacional Argentino Nuestra Señorra de Luján | D43: 20059400 | E43: 2. Técnicas en computación, electrónica, informática | F43: Informática | G43: Privada | H43: Jessica Maidana | I43: Fernando Beitia | J43: Fernanda Goldaracena | K43: jessicaamaidana@gmail.com | L43: CABA | M43: Villa Pueyrredon | N43: 30 | O43: 6º Secundaria (Prov.) / 5º Media (CABA) | P43: 4 | Q43: 5 | R43: 50 | T43: Si | U43: No | V43: Martes 23/4 | W43: Si | X43: Si | Y43: Si | Z43: No | AA43: Si | AB43: Si | AC43: Si | AD43: Si | AE43: No | AF43: No | AG43: Si | AH43: Si | AI43: Si | AJ43: No | AK43: No | AL43: Si | AM43: Si | AN43: No | AO43: No | AP43: Nos encantaría que los estudiantes participen de esta propuestas.
A44: 45365.636 | B44: jessicaamaidana@gmail.com | C44: Instituto Educacional Argentino Nuestra Señara de Luján | D44: 20059400 | E44: 10. Liceos / Normales / Colegios / Institutos de otras orientaciones | F44: Sociales | G44: Privada | H44: Jessica Maidana | I44: Fernando Beitia | J44: Fernanda Goldaracena | K44: jessicaamaidana@gmail.com | L44: CABA | M44: Villa Pueyrredon | N44: 30 | O44: 6º Secundaria (Prov.) / 5º Media (CABA) | P44: 4 | Q44: 5 | R44: 50 | T44: Si | U44: No | V44: Martes 23/4 | W44: Si | X44: Si | Y44: Si | Z44: No | AA44: Si | AB44: Si | AC44: Si | AD44: Si | AE44: No | AF44: No | AG44: Si | AH44: Si | AI44: Si | AJ44: No | AK44: No | AL44: Si | AM44: Si | AN44: Si | AO44: No
A45: 45365.664 | B45: agustinacafiero@gregorys.com.ar | C45: Colegio San Gregorio | D45: 061312300 | E45: 3. Técnicas en administración de empresas, administración de las organizaciones, servicios turísticos, multimedios | F45: Gestión/ TICs | G45: Privada | H45: Agustina Cafiero | I45: German Delgado | J45: Manuela Seisdedos | K45: agustinacafiero@gregorys.com.ar | L45: PARTIDOS DEL GRAN BUENOS AIRES-NORTE | M45: Vicent López | N45: 34 | O45: 6º Secundaria (Prov.) / 5º Media (CABA) | P45: 5 | Q45: 5 | R45: 10 | T45: Si | U45: No | V45: Martes 23/4 | W45: No | X45: Si | Y45: Si | Z45: Si | AA45: No | AB45: Si | AC45: Si | AD45: No | AE45: No | AF45: No | AG45: Si | AH45: Si | AI45: Si | AJ45: No | AK45: No | AL45: Si | AM45: Si | AN45: No | AO45: No
A46: 45365.817 | B46: luisangelrovella@gmail.com | C46: Instituto Esquiú | D46: 020097600 | E46: 1. Liceos / Normales / Colegios / Institutos orientados en ciencias naturales y/o exactas | F46: Científica | G46: Privada | H46: Luis Rovella | I46: Cristian Diaz Patzi | K46: larovella@colegioesquiu.edu.ar | L46: CABA | M46: Caba | N46: 32 | O46: 6º Secundaria (Prov.) / 5º Media (CABA) | P46: 5 | Q46: 5 | R46: 5 | S46: Puede que sean menos chicos de lo indicado... pero siempre mayor a 20 | T46: Si | U46: No | V46: Martes 23/4 | W46: Si | X46: Si | Y46: No | Z46: No | AA46: Si | AB46: Si | AC46: Si | AD46: No | AE46: No | AF46: No | AG46: Si | AH46: Si | AI46: Si | AJ46: No | AK46: No | AL46: Si | AM46: Si | AN46: No | AO46: No
A47: 45365.882 | B47: simonespinoza@colegiopiaget.edu.ar | C47: COLEGIO PIAGET | D47: 061222400 | E47: 10. Liceos / Normales / Colegios / Institutos de otras orientaciones | F47: Orientación en artes | G47: Privada | H47: Magalí Garbuglia | I47: Gustavo Jaimes | J47: Simón Espinoza | K47: secundaria@colegiopiaget.edu.ar | L47: PARTIDOS DEL GRAN BUENOS AIRES-NORTE | M47: San Isidro | N47: 31 | O47: 6º Secundaria (Prov.) / 5º Media (CABA) | P47: 5 | Q47: 3 | R47: 0 | S47: Deseamos que nuestros estudiantes conozcan la transversalidad de la matemática en todas las disciplinas | T47: Si | U47: Si | V47: Martes 23/4 | W47: Si | X47: Si | Y47: Si | Z47: No | AA47: Si | AB47: Si | AC47: Si | AD47: Si | AE47: Si | AF47: No | AG47: Si | AH47: Si | AI47: Si | AJ47: Si | AK47: No | AL47: Si | AM47: Si | AN47: No | AO47: No
A48: 45366.488 | B48: williams.pereyra@bue.edu.ar | C48: ENS N° 3 Bernardino Rivadavia | D48: 020053600 | E48: 1. Liceos / Normales / Colegios / Institutos orientados en ciencias naturales y/o exactas | F48: MATEMÁTICA | G48: Estatal | H48: Pereyra Williams | I48: Claudia Vivanco | J48: Silvio Benitez | K48: williams.pereyra@bue.edu.ar | L48: CABA | M48: San Telmo | N48: 20 | O48: 4º Secundaria (Prov:) / 3º Media (CABA) | P48: 5 | Q48: 4 | R48: 60 | T48: Si | U48: No | V48: Martes 23/4 | W48: Si | X48: No | Y48: No | Z48: No | AA48: No | AB48: Si | AC48: No | AD48: No | AE48: No | AF48: No | AG48: No | AH48: No | AI48: No | AJ48: No | AK48: No | AL48: No | AM48: No | AN48: No | AO48: No
A49: 45366.612 | B49: vebv05@gmail.com | C49: Escuela de Comercio N12 DE 21 | D49: 20063700 | E49: 3. Técnicas en administración de empresas, administración de las organizaciones, servicios turísticos, multimedios | F49: Administración contable | G49: Estatal | H49: Andrea Quiroz | I49: Leonardo Maciel | J49: Ezequiel Catanzaro | K49: mariela.quiroz@bue.edu.ar | L49: CABA | M49: Villa Lugano | N49: 35 | O49: 6º Secundaria (Prov.) / 5º Media (CABA) | P49: 4 | Q49: 4 | R49: 70 | S49: Es una buena oportunidad para promover el intercsmbio emtre estudiantes de escuela Media y esrudiantes universitarios | T49: Si | U49: No | V49: Martes 23/4 | W49: Si | X49: No | Y49: No | Z49: No | AA49: No | AB49: Si | AC49: No | AD49: No | AE49: No | AF49: No | AG49: No | AH49: No | AI49: Si | AJ49: No | AK49: No | AL49: No | AM49: No | AN49: No | AO49: No | AP49: Son estudiantes que no tienen tantas oportunidades para acceder al mundo académico de la universidad . Consideramos que es una excelente posibilidad para participar de la semana de la Matemática
A50: 45366.642 | B50: cesettialdo7@gmail.com | C50: Escuela de Comercio 12 | D50: 20063700 | E50: 3. Técnicas en administración de empresas, administración de las organizaciones, servicios turísticos, multimedios | F50: Admnistrativo Contable | G50: Estatal | H50: Leonardo Maciel | I50: Andrea Suarez | J50: Aldo Cesetti Roscini | K50: cesettialdo7@gmail.com | L50: CABA | M50: Villa Lugano | N50: 35 | O50: 6º Secundaria (Prov.) / 5º Media (CABA) | P50: 5 | Q50: 4 | R50: 80 | S50: Hola, la idea es que los/as estudiantes puedan tener un acercamiento al ambiente académico universitario al cual ven como lejano y poco accesible. | T50: No | U50: Si | V50: Martes 23/4 | W50: No | X50: No | Y50: No | Z50: Si | AA50: No | AB50: No | AC50: No | AD50: No | AE50: No | AF50: Si | AG50: No | AH50: No | AI50: No | AJ50: No | AK50: No | AL50: No | AM50: No | AN50: No | AO50: Si | AP50: Ojalá podamos participar, aguante la Educación Pública y la UBA
A51: 45366.648 | B51: cesettialdo7@gmail.com | C51: Escuela de Comercio N 12 | D51: 20063700 | E51: 3. Técnicas en administración de empresas, administración de las organizaciones, servicios turísticos, multimedios | F51: Administrativo contable | G51: Estatal | H51: Antonio Borda | I51: Leonardo Maciel | J51: Aldo Cesetti Roscini | K51: cesettialdo7@gmail.com | L51: CABA | M51: Villa Lugano | N51: 35 | O51: 6º Secundaria (Prov.) / 5º Media (CABA) | P51: 5 | Q51: 4 | R51: 80 | S51: La idea es que nuestros/as estudiantes tengan una aproximación al mundo universitario el cual ven lejos y poco accesible | T51: No | U51: Si | V51: Martes 23/4 | W51: No | X51: No | Y51: No | Z51: Si | AA51: No | AB51: No | AC51: No | AD51: No | AE51: No | AF51: Si | AG51: No | AH51: No | AI51: No | AJ51: No | AK51: Si | AL51: No | AM51: No | AN51: No | AO51: Si | AP51: Ojalá podamos vernos ahí, abrazo y aguante la UBA
A52: 45367.535 | B52: flaviahuanuco@tec17ba.edu.ar | C52: Esc. 17 DE 13 ESC. TEC. Nº 17 BRIG.GRAL CORNELIO SAAVEDRA DE 13 | D52: 20116900 | E52: 5. Técnicas área producción (electromecánica, mecánica, metalurgia, electricidad, automotores, refrigeración, construcciones, maestro mayor de obras, aeronáutica, naval, aviónico, óptico, en geografía matemática) | F52: Electricidad | G52: Estatal | H52: Flavia | I52: Huanuco | J52: Angela Ludueña | K52: flaviahuanuco@tec17ba.edu.ar | L52: CABA | M52: Parque Avellaneda | N52: 35 | O52: 4º Secundaria (Prov:) / 3º Media (CABA) | P52: 5 | Q52: 4 | R52: 50 | T52: No | U52: Si | V52: Martes 23/4 | W52: No | X52: No | Y52: No | Z52: Si | AA52: No | AB52: No | AC52: No | AD52: No | AE52: Si | AF52: Si | AG52: No | AH52: No | AI52: No | AJ52: Si | AK52: Si | AL52: No | AM52: No | AN52: Si | AO52: Si
A53: 45367.586 | B53: r.garnica@institutocrear.edu.ar | C53: Instituto Educativo CREAR | D53: 30640241698 | E53: 12. Especial | F53: Informática | G53: Privada | H53: Romina Garnica | I53: Juan Pablo Loyola | K53: r.garnica@institutosanpedro.edu.ar | L53: CABA | M53: Villa Urquiza | N53: 20 | O53: 6º Secundaria (Prov.) / 5º Media (CABA) | P53: 4 | Q53: 3 | R53: 70 | T53: No | U53: Si | V53: Martes 23/4 | W53: No | X53: No | Y53: No | Z53: Si | AA53: No | AB53: No | AC53: No | AD53: No | AE53: Si | AF53: Si | AG53: No | AH53: No | AI53: No | AJ53: Si | AK53: Si | AL53: No | AM53: No | AN53: Si | AO53: Si
A54: 45367.586 | B54: pamelamartinezz111@gmail.com | C54: Instituto Crisro Rey | D54: 605413 | E54: 9. Liceos / Normales / Colegios / Institutos orientados en ciencias sociales y/o humanidades | F54: Ciencias Sociales | G54: Privada | H54: Pamela Martinez | I54: Marisa García | J54: A designar | K54: pamelamartinezz111@gmail.com | L54: PARTIDOS DEL GRAN BUENOS AIRES-SUR | M54: Lanús | N54: 32 | O54: 5º Secundaria (Prov.) / 4º Media (CABA) | P54: 2 | Q54: 2 | R54: 10 | S54: La cantidad de estudiantes es estimativa dada que a la fecha no están las listas definitivas. Pueden ser menos. La idea es poder concurrir con los 5tos que tiene el colegio. Esta corresponde a uno de ellos. Si bien sabemos que las vacantes son prioritarias para los 6tos años, quería comentar que en el colegio tenemos la impronta de darle prioridad a la visita a las Universidad en el 5to Año. Por eso quería solicitar si continuando este proyecto, podían realizarnos la inscripción. | T54: Si | U54: No | V54: Martes 23/4 | W54: Si | X54: Si | Y54: Si | Z54: No | AA54: Si | AB54: Si | AC54: Si | AD54: No | AE54: No | AF54: No | AG54: Si | AH54: Si | AI54: Si | AJ54: No | AK54: No | AL54: Si | AM54: Si | AN54: No | AO54: No | AP54: Como les comenté en el item anterior, la idea es concurrir con los 5tos años (son dos) ya que se iniciamos el recorrida al descubrimiento de distintas Universidades. Gracias
A55: 45367.59 | B55: pamelamartinezz111@gmail.com | C55: Instituto Cristo Rey | D55: 605413 | E55: 4. Artísticas de todas las orientaciones | F55: Arte | G55: Privada | H55: Pamela Martinez | I55: Marisa García | J55: A designar | K55: pamelamartinezz111@gmail.com | L55: PARTIDOS DEL GRAN BUENOS AIRES-SUR | M55: Lanús | N55: 32 | O55: 5º Secundaria (Prov.) / 4º Media (CABA) | P55: 2 | Q55: 2 | R55: 10 | S55: La cantidad de estudiantes es estimativa dada que a la fecha no están las listas definitivas. Pueden ser menos. La idea es poder concurrir con los 5tos que tiene el colegio. Esta corresponde al otro de ellos. Si bien sabemos que las vacantes son prioritarias para los 6tos años, quería comentar que en el colegio tenemos la impronta de darle prioridad a la visita a las Universidad en el 5to Año. Por eso quería solicitar si continuando este proyecto, podían realizarnos la inscripción. | T55: Si | U55: No | V55: Martes 23/4 | W55: Si | X55: Si | Y55: Si | Z55: No | AA55: Si | AB55: Si | AC55: Si | AD55: No | AE55: No | AF55: No | AG55: Si | AH55: Si | AI55: Si | AJ55: No | AK55: No | AL55: Si | AM55: Si | AN55: No | AO55: No | AP55: Como les comenté en el item anterior, la idea es concurrir con los 5tos años (son dos) ya que se iniciamos el recorrida al descubrimiento de distintas Universidades. Gracias
A56: 45368.45 | B56: rodrigog.diaz@bue.edu.ar | C56: Instituto Inmaculada Concepción | D56: 020122500 | E56: 2. Técnicas en computación, electrónica, informática | F56: Bachiller con Especialidad en Informática | G56: Privada | H56: Rodrigo Díaz | I56: Gastón Maire | J56: Nazareno Aguirre | K56: rodrigog.diaz@bue.edu.ar | L56: CABA | M56: Almagro | N56: 35 | O56: 6º Secundaria (Prov.) / 5º Media (CABA) | P56: 5 | Q56: 5 | R56: 30 | T56: Si | U56: No | V56: Martes 23/4 | W56: Si | X56: Si | Y56: Si | Z56: No | AA56: Si | AB56: Si | AC56: Si | AD56: No | AE56: No | AF56: No | AG56: Si | AH56: Si | AI56: Si | AJ56: No | AK56: No | AL56: Si | AM56: Si | AN56: No | AO56: No
A57: 45368.466 | B57: rodrigog.diaz@bue.edu.ar | C57: Escuela de Comercio N° 16 D.E. 7° "Gabriela Mistral" | D57: 20036400 | E57: 10. Liceos / Normales / Colegios / Institutos de otras orientaciones | F57: Bachiller con Especialidad en Economía y Administración | G57: Estatal | H57: Rodrigo Díaz | I57: Lucía Florentín | J57: Maximiliano Abad | K57: rodrigog.diaz@bue.edu.ar | L57: CABA | M57: Vila Crespo | N57: 35 | O57: 6º Secundaria (Prov.) / 5º Media (CABA) | P57: 5 | Q57: 4 | R57: 80 | S57: Concurrirían a la visita estudiantes sordos con su intérprete de lengua de señas argentina | T57: No | U57: Si | V57: Martes 23/4 | W57: No | X57: No | Y57: No | Z57: Si | AA57: No | AB57: No | AC57: No | AD57: Si | AE57: Si | AF57: Si | AG57: No | AH57: No | AI57: No | AJ57: Si | AK57: Si | AL57: No | AM57: No | AN57: Si | AO57: Si
A58: 45368.656 | B58: mmcannilla@gmail.com | C58: COLEGIO LINCOLN | D58: 20097800 | E58: 10. Liceos / Normales / Colegios / Institutos de otras orientaciones | F58: Bachiller Bilingue con Orientación en letras y ciencias sociales | G58: Privada | H58: María Marta Cannilla | I58: María Marta Cannilla | K58: mmcannilla@gmail.com | L58: CABA | M58: Belgrano | N58: 11 | O58: 6º Secundaria (Prov.) / 5º Media (CABA) | P58: 4 | Q58: 4 | R58: 0 | T58: No | U58: Si | V58: Martes 23/4 | W58: No | X58: No | Y58: No | Z58: Si | AA58: No | AB58: No | AC58: No | AD58: Si | AE58: Si | AF58: Si | AG58: No | AH58: No | AI58: No | AJ58: Si | AK58: Si | AL58: No | AM58: No | AN58: Si | AO58: Si
A59: 45368.833 | B59: mpflosi@gmail.com | C59: Escuela Secundaria del Sol | D59: 062277500 | E59: 1. Liceos / Normales / Colegios / Institutos orientados en ciencias naturales y/o exactas | F59: Ciencias Naturales | G59: Privada | H59: Maria Paola Flosi | I59: Zacarias Liliana | J59: Ayelen Ferreyra | K59: mpflosi@gmail.com | L59: PARTIDOS DEL GRAN BUENOS AIRES-SUR | M59: Berazategui | N59: 31 | O59: 6º Secundaria (Prov.) / 5º Media (CABA) | P59: 3 | Q59: 3 | R59: 50 | T59: Si | U59: Si | V59: Martes 23/4 | W59: No | X59: No | Y59: Si | Z59: Si | AA59: No | AB59: No | AC59: No | AD59: Si | AE59: Si | AF59: Si | AG59: No | AH59: No | AI59: Si | AJ59: Si | AK59: Si | AL59: No | AM59: Si | AN59: Si | AO59: Si
A60: 45369.501 | B60: rectoria@misericordiadevoto.edu.ar | C60: Instituto Nuestra Señora de la Misericordia | D60: 20086000 | E60: 9. Liceos / Normales / Colegios / Institutos orientados en ciencias sociales y/o humanidades | F60: Humanidades | G60: Privada | H60: Alejandra Regeiro | I60: Sandra Papandrea | J60: Maria Laura Dengis | K60: rectoria@misericordiadevoto.edu.ar | L60: CABA | M60: Villa Devoto | N60: 10 | O60: 6º Secundaria (Prov.) / 5º Media (CABA) | P60: 5 | Q60: 5 | R60: 0 | T60: Si | U60: No | V60: Martes 23/4 | W60: No | X60: No | Y60: No | Z60: No | AA60: Si | AB60: No | AC60: No | AD60: No | AE60: No | AF60: No | AI60: Si | AL60: Si
A61: 45369.567 | B61: r.garnica@institutocrear.edu.ar | C61: Instituto Educativo CREAR | D61: 02003232600 | E61: 12. Especial | F61: Informática | G61: Privada | H61: Romina Garnica | I61: Juan Pablo Loyola | K61: r.garnica@institutocrear.edu.ar | L61: CABA | M61: Villa Urquiza | N61: 18 | O61: 6º Secundaria (Prov.) / 5º Media (CABA) | P61: 3 | Q61: 3 | R61: 70 | T61: No | U61: Si | V61: Martes 23/4 | W61: No | X61: No | Y61: No | Z61: Si | AA61: No | AB61: No | AC61: No | AD61: Si | AE61: Si | AF61: Si | AG61: No | AH61: No | AI61: No | AJ61: Si | AK61: Si | AL61: No | AM61: No | AN61: Si | AO61: Si
A62: 45369.583 | B62: sznakcaro@c-sn.edu.ar | C62: St. Nicholas' | D62: 060676600 | E62: 1. Liceos / Normales / Colegios / Institutos orientados en ciencias naturales y/o exactas | F62: Ciencias naturales | G62: Privada | H62: Carolina Sznák | I62: Jan Lamas | J62: Matías Gaburri | K62: sznakcaro@c-sn.edu.ar | L62: PARTIDOS DEL GRAN BUENOS AIRES-NORTE | M62: Olivos | N62: 35 | O62: 6º Secundaria (Prov.) / 5º Media (CABA) | P62: 5 | Q62: 5 | R62: 0 | T62: Si | U62: No | V62: Martes 23/4 | W62: Si | X62: Si | Y62: Si | Z62: No | AA62: Si | AB62: Si | AC62: Si | AD62: No | AE62: No | AF62: No | AG62: Si | AH62: Si | AI62: Si | AJ62: No | AK62: No | AL62: Si | AM62: Si | AN62: No | AO62: No
A63: 45369.684 | B63: graciela.grosman@bue.edu.ar | C63: Escuela técnica Nro 24 Defensa de Buenos Aires | D63: 2001920 | E63: 3. Técnicas en administración de empresas, administración de las organizaciones, servicios turísticos, multimedios | F63: Gado | G63: Estatal | H63: Graciela Grosman | I63: Claudia Russo | J63: Sonja Urrutia | K63: graciela.grosman@bue.edu.ar | L63: CABA | M63: Villa del parque | N63: 35 | O63: 5º Secundaria (Prov.) / 4º Media (CABA) | P63: 4 | Q63: 4 | R63: 40 | T63: No | U63: Si | V63: Martes 23/4 | W63: No | X63: No | Y63: No | Z63: No | AA63: No | AB63: No | AC63: No | AD63: No | AE63: No | AF63: Si | AG63: No | AH63: No | AI63: No | AJ63: Si | AK63: No | AL63: No | AM63: No | AN63: No | AO63: No | AP63: Se puede recorrer nosotros solos? Somos 3 cursos
A64: 45369.807 | B64: graciela.morales@docentes.colegiodelaciudad.org | C64: COLEGIO DE LA CIUDAD | D64: 020221500 | E64: 9. Liceos / Normales / Colegios / Institutos orientados en ciencias sociales y/o humanidades | F64: Bachillerato con orientación en Ciencias Sociales y Humanidades, con ampliación en Ciencias Naturales. | G64: Privada | H64: Valentín Nico | I64: Graciela Morales | K64: graciela.morales@docentes.colegiodelaciudad.org | L64: CABA | M64: Belgrano | N64: 20 | O64: 6º Secundaria (Prov.) / 5º Media (CABA) | P64: 5 | Q64: 4 | R64: 0 | T64: Si | U64: No | V64: Martes 23/4 | W64: Si | X64: Si | Y64: Si | Z64: No | AA64: Si | AB64: Si | AC64: Si | AD64: Si | AE64: No | AF64: No | AG64: Si | AH64: Si | AI64: Si | AJ64: No | AK64: No | AL64: Si | AM64: Si | AN64: No | AO64: No | AP64: Pusimos todas nuestras opciones horarias, no tenemos preferencia sobre el tipo de actividad que nos tocará. Gracias!
A65: 45369.812 | B65: estelab.silvaa76@gmail.com | C65: Instituto William C Morris A-530 | D65: 20000100 | E65: 10. Liceos / Normales / Colegios / Institutos de otras orientaciones | F65: Economía y Administración | G65: Privada | H65: Estela Silva | I65: Marianella Infante | J65: Agustina Zerda | K65: estelab.silvaa76@gmail.com | L65: CABA | M65: La Boca | N65: 30 | O65: 6º Secundaria (Prov.) / 5º Media (CABA) | P65: 3 | Q65: 2 | R65: 15 | T65: Si | U65: No | V65: Martes 23/4 | W65: Si | X65: No | Y65: Si | Z65: No | AA65: No | AB65: Si | AC65: No | AD65: No | AE65: No | AF65: No | AG65: No | AH65: No | AI65: No | AJ65: No | AK65: No | AL65: No | AM65: No | AN65: No | AO65: No
A66: 45369.95 | B66: secretaria.secundaria@sangregorio.edu.ar | C66: A466 | D66: 200740 | E66: 10. Liceos / Normales / Colegios / Institutos de otras orientaciones | F66: economía y administración | G66: Privada | H66: Margossian Adriana | I66: Crespo Mariana | K66: secretaria.secundaria@sangregorio.edu.ar | L66: CABA | M66: Palermo | N66: 22 | O66: 6º Secundaria (Prov.) / 5º Media (CABA) | P66: 4 | Q66: 4 | R66: 10 | T66: Si | U66: No | V66: Martes 23/4 | W66: Si | X66: No | Y66: No | Z66: No | AA66: No | AB66: No | AC66: Si | AD66: No | AE66: No | AF66: No | AH66: Si | AL66: No | AM66: Si | AN66: No | AO66: No
A67: 45369.971 | B67: silvina.bauleo@smt.edu.ar | C67: COLEGIO SAN MARTIN DE TOURS (MUJERES) | D67: 201690 | E67: 9. Liceos / Normales / Colegios / Institutos orientados en ciencias sociales y/o humanidades | F67: Ciencias Sociales y Humanidades | G67: Estatal | H67: Silvina Bauleo | I67: María GONZALEZ WARCALDE | J67: Ana Piñero | K67: silvina.bauleo@smt.edu.ar | L67: CABA | M67: Palermo | N67: 21 | O67: 6º Secundaria (Prov.) / 5º Media (CABA) | P67: 5 | Q67: 5 | R67: 0 | T67: Si | U67: No | V67: Martes 23/4 | W67: Si | X67: Si | Y67: Si | Z67: No | AA67: Si | AB67: Si | AC67: Si | AD67: No | AE67: No | AF67: No | AG67: Si | AH67: Si | AI67: Si | AJ67: No | AK67: No | AL67: Si | AM67: Si | AN67: No | AO67: No | AP67: Por favor hacer coincidir dentro de las posibilidades a los cuatro cursos del colegio en los mismos horarios de charlas, talleres, estaciones o visita. ¡Muchas gracias!
A68: 45369.974 | B68: silvina.bauleo@smt.edu.ar | C68: COLEGIO SAN MARTÍN DE TOURS (MUJERES) | D68: 201690 | E68: 9. Liceos / Normales / Colegios / Institutos orientados en ciencias sociales y/o humanidades | F68: Ciencias Sociales y Humanidades | G68: Privada | H68: Silvina Bauleo | I68: María Gonzalez Warcalde | J68: Ana Piñero | K68: silvina.bauleo@smt.edu.ar | L68: CABA | M68: Palermo | N68: 22 | O68: 6º Secundaria (Prov.) / 5º Media (CABA) | P68: 5 | Q68: 5 | R68: 0 | T68: Si | U68: No | V68: Martes 23/4 | W68: Si | X68: Si | Y68: Si | Z68: No | AA68: Si | AB68: Si | AC68: Si | AD68: No | AE68: No | AF68: No | AG68: Si | AH68: Si | AI68: Si | AJ68: No | AK68: No | AL68: Si | AM68: Si | AN68: No | AO68: No | AP68: Por favor hacer coincidir dentro de las posibilidades a los cuatro cursos del colegio en los mismos horarios de charlas, talleres, estaciones o visita. ¡Muchas gracias!
A69: 45369.977 | B69: silvina.bauleo@smt.edu.ar | C69: COLEGIO SAN MARTÍN DE TOURS (MUJERES) | D69: 201690 | E69: 9. Liceos / Normales / Colegios / Institutos orientados en ciencias sociales y/o humanidades | F69: Ciencias Sociales y Humanidades | G69: Privada | H69: Silvina Bauleo | I69: María Gonzalez Warcalde | J69: Ana Piñero | K69: silvina.bauleo@smt.edu.ar | L69: CABA | M69: Palermo | N69: 24 | O69: 5º Secundaria (Prov.) / 4º Media (CABA) | P69: 5 | Q69: 5 | R69: 0 | T69: Si | U69: No | V69: Martes 23/4 | W69: Si | X69: Si | Y69: Si | Z69: No | AA69: Si | AB69: Si | AC69: Si | AD69: No | AE69: No | AF69: No | AG69: Si | AH69: Si | AI69: Si | AJ69: No | AK69: No | AL69: Si | AM69: Si | AN69: No | AO69: No | AP69: Por favor hacer coincidir dentro de las posibilidades a los cuatro cursos del colegio en los mismos horarios de charlas, talleres, estaciones o visita. ¡Muchas gracias!
A70: 45369.979 | B70: silvina.bauleo@smt.edu.ar | C70: COLEGIO SAN MARTÍN DE TOURS (MUJERES) | D70: 201690 | E70: 9. Liceos / Normales / Colegios / Institutos orientados en ciencias sociales y/o humanidades | F70: Ciencias Sociales y Humanidades | G70: Privada | H70: Silvina Bauleo | I70: María Gonzalez Warcalde | J70: Ana Piñero | K70: silvina.bauleo@smt.edu.ar | L70: CABA | M70: Palermo | N70: 24 | O70: 5º Secundaria (Prov.) / 4º Media (CABA) | P70: 5 | Q70: 5 | R70: 0 | T70: Si | U70: No | V70: Martes 23/4 | W70: Si | X70: Si | Y70: Si | Z70: No | AA70: Si | AB70: Si | AC70: Si | AD70: No | AE70: No | AF70: No | AG70: Si | AH70: Si | AI70: Si | AJ70: No | AK70: No | AL70: Si | AM70: Si | AN70: No | AO70: No | AP70: Por favor hacer coincidir dentro de las posibilidades a los cuatro cursos del colegio en los mismos horarios de charlas, talleres, estaciones o visita. ¡Muchas gracias!
A71: 45369.989 | B71: marisolnolasco874@gmail.com | C71: EES N° 49 HEROES DE MALVINAS | D71: 61726900 | E71: 1. Liceos / Normales / Colegios / Institutos orientados en ciencias naturales y/o exactas | F71: Matemática | G71: Estatal | H71: Marisol Nolasco | I71: Enrique Medina | K71: marisolnolasco874@gmail.com | L71: PARTIDOS DEL GRAN BUENOS AIRES-OESTE | M71: Morón | N71: 20 | O71: 6º Secundaria (Prov.) / 5º Media (CABA) | P71: 2 | Q71: 1 | R71: 15 | S71: Estudiantes de buen comportamiento | T71: Si | U71: No | V71: Martes 23/4 | W71: Si | X71: Si | Y71: No | Z71: No | AA71: Si | AB71: Si | AC71: Si | AD71: No | AE71: No | AF71: No | AG71: Si | AH71: Si | AI71: Si | AJ71: No | AK71: No | AL71: Si | AM71: No | AN71: No | AO71: No | AP71: Nunca visitaron la UBA
A72: 45365.42 | B72: mzeni1@abc.gov.ar | C72: EET N°3 JAPÓN | D72: 060561800 | E72: 5. Técnicas área producción (electromecánica, mecánica, metalurgia, electricidad, automotores, refrigeración, construcciones, maestro mayor de obras, aeronáutica, naval, aviónico, óptico, en geografía matemática) | F72: Automotores | G72: Estatal | H72: María Zeni | I72: Silvia Villalba | K72: mzeni1@abc.gov.ar | L72: PARTIDOS DEL GRAN BUENOS AIRES-NORTE | M72: San Miguel | N72: 35 | O72: 4º Secundaria (Prov:) / 3º Media (CABA) | P72: 5 | Q72: 5 | R72: 45 | S72: . | T72: Si | U72: No | V72: Martes 23/4 | W72: No | X72: Si | Y72: No | Z72: No | AA72: Si | AB72: No | AC72: No | AD72: No | AE72: No | AF72: No | AG72: No | AH72: No | AI72: Si | AJ72: No | AK72: No | AL72: Si | AM72: No | AN72: No | AO72: No | AP72: Preferentemente turno mañana
A73: 45367.501 | B73: flaviahuanuco@tec17ba.edu.ar | C73: Esc. 17 DE 13 ESC. TEC. Nº 17 BRIG.GRAL CORNELIO SAAVEDRA DE 13 | D73: 20116900 | E73: 5. Técnicas área producción (electromecánica, mecánica, metalurgia, electricidad, automotores, refrigeración, construcciones, maestro mayor de obras, aeronáutica, naval, aviónico, óptico, en geografía matemática) | F73: Maestro mayor de obra | G73: Estatal | H73: Flavia Huanuco | I73: Flavia Huanuco | J73: Angela Ludueña | K73: flaviahuanuco@tec17ba.edu.ar | L73: CABA | M73: Parque Avellaneda | N73: 35 | O73: 4º Secundaria (Prov:) / 3º Media (CABA) | P73: 5 | Q73: 4 | R73: 60 | T73: Si | U73: No | V73: Martes 23/4 | W73: Si | X73: Si | Y73: Si | Z73: No | AA73: Si | AB73: Si | AC73: Si | AD73: No | AE73: No | AF73: No | AG73: Si | AH73: Si | AI73: Si | AL73: Si | AM73: Si
A74: 45369.031 | B74: gustavobailoni85@gmail.com | C74: EES N°1 LUIS FEDERICO LELOIR | D74: 61114200 | E74: 1. Liceos / Normales / Colegios / Institutos orientados en ciencias naturales y/o exactas | F74: NATURALES | G74: Estatal | H74: GUSTAVO BAILONI | I74: JULIO SARASPE | K74: gustavobailoni85@gmail.com | L74: PARTIDOS DEL GRAN BUENOS AIRES-OESTE | M74: ITUZAINGO | N74: 12 | O74: 4º Secundaria (Prov:) / 3º Media (CABA) | P74: 1 | Q74: 1 | R74: 50 | S74: LA CANTIDAD NO ESTA CONFIRMADA, NO HAY ACCESO A SEVICIO DE INTERNET Y DEPENDENCIAS POR EVENTO CLIMATICO CON VOLADURA DE TECHO , POR FAVOR TAMBIEN NOS INTERESA EL SUBSIDIO DE TRANSPORTE, SI HAY CONFIRMACION PODEMOS HABLAR CON OTROS CURSOS PARA UN MISMO VIAJE AUNQUE ENTENDI QUE ES UNA INSCRIPCION POR CURSO , PERO LOS CUSOS NO SON NUMEROSOS PODRIAN IR JUNTOS Y NO LLEGARIAN A 35 ALUMNOS, SIN EL SUBSIDIO EL VIAJE SERIA IMPOSIBLE, DISCUPA LA REDACCION PORQUE NO PUEDO VISUALIZAR EL MENSAJE COMPLETO, GRACIAS | T74: Si | U74: No | V74: Martes 23/4 | W74: Si | X74: No | Y74: No | Z74: No | AA74: No | AB74: No | AC74: Si | AD74: No | AE74: No | AF74: No | AJ74: Si | AO74: Si | AP74: LOS HORARIOS Y ACTIVIDADES LOS PUEDEN MODIFICAR PORQUE NO SE EXACTAMENTE LA DURACION DE LOS MISMOS, SOLO PODREMOS ASISTIR SI EL VIAJE ES SUBSIDIADO YA QUE LOS ALUMNOS SON DE ESCASOS RECURSOS, TENEMOS UNA ESCUELA ABIERTA PERO POR VOLADURA DE TECHOS ESTUDIAMOS EN CONDICIONES PRECARIAS, SERIA BUENO QUE LES MOSTREMOS PUERTAS A LA EDUCACION Y QUEREMOS QUE LA ESCULA LOS ACOMPAÑE, GRACIAS
N76: =SUM(N2:N71) -> 2013

Sheet Asign MARTES
A1: Marca temporal | B1: Dirección de correo electrónico | C1: Nombre OFICIAL y COMPLETO de la institución educativa | D1: Código Único de Escuela (CUE) | E1: Tipo de escuela y orientación | F1: Especifique su orientación | G1: Gestión | H1: Nombre y apellido del/la docente responsable de la visita | I1: Nombre y apellido del/la docente acompañante 1 | J1: Nombre y apellido del/la docente acompañante 2 | K1: Dirección de correo electrónico para recibir resultado de la asignación | L1: Ubicación general de la escuela | M1: Barrio/Localidad de la escuela | N1: Cantidad de alumnos que asistirán | O1: Cursos que asistirán | P1: Conectividad en la institución | Q1: Acceso a las ciencias exactas y naturales | R1: Porcentaje aproximado de estudiantes de familias de bajos recursos | S1: Exprese observaciones o comentarios que considere pertinentes | T1: Turno/s solicitado/s [Turno mañana (9:00 a 12.30 hs.)] | U1: Turno/s solicitado/s [Turno tarde (12.30 a 16:00 hs.)] | V1: Fecha solicitada | W1: CHARLAS [9:30 ] | X1: CHARLAS [10:30] | Y1: CHARLAS [11:30 ] | Z1: CHARLAS [14:00 ] | AA1: ESTACIONES INTERACTIVAS [9:30] | AB1: ESTACIONES INTERACTIVAS [10:30] | AC1: ESTACIONES INTERACTIVAS [11:30] | AD1: ESTACIONES INTERACTIVAS [13:00] | AE1: ESTACIONES INTERACTIVAS [14:00] | AF1: ESTACIONES INTERACTIVAS [15:00] | AG1: TALLERES [9:30] | AH1: TALLERES [10:30] | AI1: TALLERES [11:30] | AJ1: TALLERES [14:00] | AK1: TALLERES [15:00] | AL1: VISITAS GUIADAS TEMÁTICAS [10:30] | AM1: VISITAS GUIADAS TEMÁTICAS [11:30] | AN1: VISITAS GUIADAS TEMÁTICAS [14:00] | AO1: VISITAS GUIADAS TEMÁTICAS [15:00] | AP1: Exprese cualquier aclaración sobre la solicitud de inscripción que facilite la administración de vacantes. | AQ1: Rango horario
A2: 45363.438 | B2: candelaldana@gmail.com | C2: INSTITUTO SAN LUIS GONZAGA | D2: 061107100 | E2: 10. Liceos / Normales / Colegios / Institutos de otras orientaciones | F2: Economia y Administración. | G2: Privada | H2: Candela Aldana Lorusso | I2: Aun no están definidos los profesores acompañantes | J2: Aun no están definidos los profesores acompañantes | K2: candelaldana@gmail.com | L2: PARTIDOS DEL GRAN BUENOS AIRES-OESTE | M2: Tapiales / La Matanza | N2: 0 | O2: 6º Secundaria (Prov.) / 5º Media (CABA) | P2: 2 | Q2: 4 | R2: 50 | T2: Si | U2: No | V2: Martes 23/4 | W2: =IF('CRUDO MARTES'!W2="Si",$N2,) -> 0 | X2: =IF('CRUDO MARTES'!X2="Si",$N2,) -> 0 | Y2: =IF('CRUDO MARTES'!Y2="Si",$N2,) -> 0 | Z2: =IF('CRUDO MARTES'!Z2="Si",$N2,) -> 0 | AA2: =IF('CRUDO MARTES'!AA2="Si",$N2,) -> 0 | AB2: =IF('CRUDO MARTES'!AB2="Si",$N2,) -> 0 | AC2: =IF('CRUDO MARTES'!AC2="Si",$N2,) -> 0 | AD2: =IF('CRUDO MARTES'!AD2="Si",$N2,) -> 0 | ... AH2: =IF('CRUDO MARTES'!AH2="Si",$N2,) -> 0 | AI2: 0 | AJ2: =IF('CRUDO MARTES'!AJ2="Si",$N2,) -> 0 | AK2: =IF('CRUDO MARTES'!AK2="Si",$N2,) -> 0 | AL2: =IF('CRUDO MARTES'!AL2="Si",$N2,) -> 0 | AM2: =IF('CRUDO MARTES'!AM2="Si",$N2,) -> 0 | AN2: =IF('CRUDO MARTES'!AN2="Si",$N2,) -> 0 | AO2: =IF('CRUDO MARTES'!AO2="Si",$N2,) -> 0 | AQ2: 9 a 11:30hs.
A3: 45363.441 | B3: candelaldana@gmail.com | C3: INSTITUTO SAN LUIS GONZAGA | D3: 061107100 | E3: 10. Liceos / Normales / Colegios / Institutos de otras orientaciones | F3: Economía y administración | G3: Privada | H3: Candela Aldana Lorusso | I3: Aun no están determinados los profesores acompañantes | J3: Aun no están determinados los profesores acompañantes | K3: candelaldana@gmail.com | L3: PARTIDOS DEL GRAN BUENOS AIRES-OESTE | M3: Tapiales / La Matanza | N3: 0 | O3: 6º Secundaria (Prov.) / 5º Media (CABA) | P3: 2 | Q3: 4 | R3: 50 | T3: Si | U3: No | V3: Martes 23/4 | W3: =IF('CRUDO MARTES'!W3="Si",$N3,) -> 0 | X3: =IF('CRUDO MARTES'!X3="Si",$N3,) -> 0 | Y3: =IF('CRUDO MARTES'!Y3="Si",$N3,) -> 0 | Z3: =IF('CRUDO MARTES'!Z3="Si",$N3,) -> 0 | AA3: =IF('CRUDO MARTES'!AA3="Si",$N3,) -> 0 | AB3: =IF('CRUDO MARTES'!AB3="Si",$N3,) -> 0 | AC3: =IF('CRUDO MARTES'!AC3="Si",$N3,) -> 0 | AD3: =IF('CRUDO MARTES'!AD3="Si",$N3,) -> 0 | ... AH3: =IF('CRUDO MARTES'!AH3="Si",$N3,) -> 0 | AI3: 0 | AJ3: =IF('CRUDO MARTES'!AJ3="Si",$N3,) -> 0 | AK3: =IF('CRUDO MARTES'!AK3="Si",$N3,) -> 0 | AL3: =IF('CRUDO MARTES'!AL3="Si",$N3,) -> 0 | AM3: =IF('CRUDO MARTES'!AM3="Si",$N3,) -> 0 | AN3: =IF('CRUDO MARTES'!AN3="Si",$N3,) -> 0 | AO3: =IF('CRUDO MARTES'!AO3="Si",$N3,) -> 0 | AQ3: 9 a 11:30hs.
A4: 45363.443 | B4: candelaldana@gmail.com | C4: INSTITUTO SAN LUIS GONZAGA | D4: 061107100 | E4: 10. Liceos / Normales / Colegios / Institutos de otras orientaciones | F4: Comunicaciones | G4: Privada | H4: Candela Aldana Lorusso | I4: Aun no están determinados los profesores acompañantes | J4: Aun no están determinados los profesores acompañantes | K4: candelaldana@gmail.com | L4: PARTIDOS DEL GRAN BUENOS AIRES-OESTE | M4: Tapiales / La Matanza | N4: 0 | O4: 6º Secundaria (Prov.) / 5º Media (CABA) | P4: 2 | Q4: 4 | R4: 50 | T4: Si | U4: No | V4: Martes 23/4 | W4: =IF('CRUDO MARTES'!W4="Si",$N4,) -> 0 | X4: =IF('CRUDO MARTES'!X4="Si",$N4,) -> 0 | Y4: =IF('CRUDO MARTES'!Y4="Si",$N4,) -> 0 | Z4: =IF('CRUDO MARTES'!Z4="Si",$N4,) -> 0 | AA4: =IF('CRUDO MARTES'!AA4="Si",$N4,) -> 0 | AB4: =IF('CRUDO MARTES'!AB4="Si",$N4,) -> 0 | AC4: =IF('CRUDO MARTES'!AC4="Si",$N4,) -> 0 | AD4: =IF('CRUDO MARTES'!AD4="Si",$N4,) -> 0 | ... AO4: =IF('CRUDO MARTES'!AO4="Si",$N4,) -> 0
A5: 45363.475 | B5: santiagoandreanoemi@gmail.com | C5: Escuela de Educación Secundaria N° 3 Profeso Francisco J Salustio Quilmes | D5: 061000200 | E5: 1. Liceos / Normales / Colegios / Institutos orientados en ciencias naturales y/o exactas | F5: Ciencias Naturales | G5: Estatal | H5: Andrea Santiago | I5: Gabriela Cortés | J5: Jorge Domeneguini | K5: santiagoandreanoemi@gmail.com | L5: PARTIDOS DEL GRAN BUENOS AIRES-SUR | M5: Quilmes Oeste | N5: 35 | O5: 6º Secundaria (Prov.) / 5º Media (CABA) | P5: 2 | Q5: 2 | R5: 90 | T5: Si | U5: Si | V5: Martes 23/4 | W5: 0 | X5: 0 | Y5: 0 | Z5: =IF('CRUDO MARTES'!Z5="Si",$N5,) -> 35 | AA5: =IF('CRUDO MARTES'!AA5="Si",$N5,) -> 0 | AB5: =IF('CRUDO MARTES'!AB5="Si",$N5,) -> 0 | AC5: 35 | AD5: =IF('CRUDO MARTES'!AD5="Si",$N5,) -> 0 | AE5: =IF('CRUDO MARTES'!AE5="Si",$N5,) -> 0 | AF5: 35 | AG5: =IF('CRUDO MARTES'!AG5="Si",$N5,) -> 0 | AH5: 0 | AI5: =IF('CRUDO MARTES'!AI5="Si",$N5,) -> 0 | AJ5: =IF('CRUDO MARTES'!AJ5="Si",$N5,) -> 0 | AK5: =IF('CRUDO MARTES'!AK5="Si",$N5,) -> 0 | AL5: =IF('CRUDO MARTES'!AL5="Si",$N5,) -> 0 | AM5: =IF('CRUDO MARTES'!AM5="Si",$N5,) -> 0 | AN5: =IF('CRUDO MARTES'!AN5="Si",$N5,) -> 0 | AO5: 0 | AQ5: 11 a 16hs. | AR5: 1
A6: 45363.491 | B6: fbillone@lasnieves.edu.ar | C6: Nuestra señora de las nieves | D6: 020073800 | E6: 1. Liceos / Normales / Colegios / Institutos orientados en ciencias naturales y/o exactas | F6: Naturales | G6: Privada | H6: Florencia billone | I6: Mariana Ceraolo | K6: fbillone@lasnieves.edu.ar | L6: CABA | M6: Liniers | N6: 0 | O6: 5º Secundaria (Prov.) / 4º Media (CABA) | P6: 5 | Q6: 4 | R6: 0 | T6: Si | U6: No | V6: Martes 23/4 | W6: =IF('CRUDO MARTES'!W6="Si",$N6,) -> 0 | X6: =IF('CRUDO MARTES'!X6="Si",$N6,) -> 0 | Y6: =IF('CRUDO MARTES'!Y6="Si",$N6,) -> 0 | Z6: =IF('CRUDO MARTES'!Z6="Si",$N6,) -> 0 | AA6: =IF('CRUDO MARTES'!AA6="Si",$N6,) -> 0 | AB6: =IF('CRUDO MARTES'!AB6="Si",$N6,) -> 0 | AC6: =IF('CRUDO MARTES'!AC6="Si",$N6,) -> 0 | AD6: =IF('CRUDO MARTES'!AD6="Si",$N6,) -> 0 | ... AO6: =IF('CRUDO MARTES'!AO6="Si",$N6,) -> 0
A7: 45363.518 | B7: rominasanchez@njypater.com | C7: Instituto Pater c.e. | D7: 061933100 | E7: 1. Liceos / Normales / Colegios / Institutos orientados en ciencias naturales y/o exactas | F7: Sociales y economia | G7: Privada | H7: Romina Sanchez | I7: Gisela Marino | J7: Pablo Godoi | K7: rominasanchez@njypater.com | L7: PARTIDOS DEL GRAN BUENOS AIRES-SUR | M7: Bernal Quilmes | N7: 0 | O7: 5º Secundaria (Prov.) / 4º Media (CABA) | P7: 4 | Q7: 2 | R7: 20 | T7: Si | U7: No | V7: Martes 23/4 | W7: =IF('CRUDO MARTES'!W7="Si",$N7,) -> 0 | X7: =IF('CRUDO MARTES'!X7="Si",$N7,) -> 0 | Y7: =IF('CRUDO MARTES'!Y7="Si",$N7,) -> 0 | Z7: =IF('CRUDO MARTES'!Z7="Si",$N7,) -> 0 | AA7: =IF('CRUDO MARTES'!AA7="Si",$N7,) -> 0 | AB7: =IF('CRUDO MARTES'!AB7="Si",$N7,) -> 0 | AC7: =IF('CRUDO MARTES'!AC7="Si",$N7,) -> 0 | AD7: =IF('CRUDO MARTES'!AD7="Si",$N7,) -> 0 | ... AO7: =IF('CRUDO MARTES'!AO7="Si",$N7,) -> 0 | AP7: Los alumnos realizan un proyecto sobre mate juegos y vendría genial! Gracias!
A8: 45363.521 | B8: secundaria@santiagoapostol.edu.ar | C8: Instituto Argentino Gallego Santiago Apóstol | D8: 020212700 | E8: 10. Liceos / Normales / Colegios / Institutos de otras orientaciones | F8: Bachiller con Orientación en ciencias sociales y humanidades | G8: Privada | H8: Rodriguez Bibiana | I8: Da Silva Rocio | K8: secundaria@santiagoapostol.edu.ar | L8: CABA | M8: Once | N8: 23 | O8: 6º Secundaria (Prov.) / 5º Media (CABA) | P8: 4 | Q8: 3 | R8: 0 | T8: Si | U8: No | V8: Martes 23/4 | W8: =IF('CRUDO MARTES'!W8="Si",$N8,) -> 0 | X8: 0 | Y8: 23 | Z8: =IF('CRUDO MARTES'!Z8="Si",$N8,) -> 0 | AA8: =IF('CRUDO MARTES'!AA8="Si",$N8,) -> 23 | AB8: =IF('CRUDO MARTES'!AB8="Si",$N8,) -> 0 | AC8: =IF('CRUDO MARTES'!AC8="Si",$N8,) -> 0 | AD8: =IF('CRUDO MARTES'!AD8="Si",$N8,) -> 0 | AE8: =IF('CRUDO MARTES'!AE8="Si",$N8,) -> 0 | AF8: =IF('CRUDO MARTES'!AF8="Si",$N8,) -> 23 | AG8: =IF('CRUDO MARTES'!AG8="Si",$N8,) -> 0 | AH8: =IF('CRUDO MARTES'!AH8="Si",$N8,) -> 0 | AI8: 0 | AJ8: =IF('CRUDO MARTES'!AJ8="Si",$N8,) -> 0 | AK8: =IF('CRUDO MARTES'!AK8="Si",$N8,) -> 0 | AL8: =IF('CRUDO MARTES'!AL8="Si",$N8,) -> 0 | AM8: =IF('CRUDO MARTES'!AM8="Si",$N8,) -> 0 | AN8: =IF('CRUDO MARTES'!AN8="Si",$N8,) -> 23 | AO8: =IF('CRUDO MARTES'!AO8="Si",$N8,) -> 0 | AQ8: 9 a 16hs. | AR8: 1
A9: 45363.523 | B9: secundario@santiagoapostol.edu.ar | C9: Instituto Argentino Gallego Santiago Apóstol | D9: 020212700 | E9: 9. Liceos / Normales / Colegios / Institutos orientados en ciencias sociales y/o humanidades | F9: Bachiller con Orientación en Ciencias Sociales y Humanidades | G9: Privada | H9: Rodriguez Bibiana | I9: Rocio Da Silva | J9: Diego Colombo | K9: secundaria@santiagoapostol.edu.ar | L9: CABA | M9: Once | N9: 0 | O9: 5º Secundaria (Prov.) / 4º Media (CABA) | P9: 4 | Q9: 2 | R9: 0 | S9: Hicimos otra respuesta para poder ir con 4º y 5º año | T9: Si | U9: No | V9: Martes 23/4 | W9: =IF('CRUDO MARTES'!W9="Si",$N9,) -> 0 | X9: =IF('CRUDO MARTES'!X9="Si",$N9,) -> 0 | Y9: =IF('CRUDO MARTES'!Y9="Si",$N9,) -> 0 | Z9: =IF('CRUDO MARTES'!Z9="Si",$N9,) -> 0 | AA9: =IF('CRUDO MARTES'!AA9="Si",$N9,) -> 0 | AB9: =IF('CRUDO MARTES'!AB9="Si",$N9,) -> 0 | AC9: =IF('CRUDO MARTES'!AC9="Si",$N9,) -> 0 | AD9: =IF('CRUDO MARTES'!AD9="Si",$N9,) -> 0 | ... AO9: =IF('CRUDO MARTES'!AO9="Si",$N9,) -> 0 | AP9: Hicimos dos formularios para ir con nuestros estudiantes de 4º y 5º año
A10: 45363.525 | B10: rominasanchez@njypater.com | C10: Instituto Pater c.e. | D10: 061933100 | E10: 1. Liceos / Normales / Colegios / Institutos orientados en ciencias naturales y/o exactas | F10: Sociales y Economia | G10: Privada | H10: Gisela Marino | I10: Romina Sanchez | J10: Pablo Godoi | K10: rominasanchez@njypater.com | L10: PARTIDOS DEL GRAN BUENOS AIRES-SUR | M10: Bernal Quilmes | N10: 0 | O10: 5º Secundaria (Prov.) / 4º Media (CABA) | P10: 4 | Q10: 2 | R10: 20 | T10: Si | U10: No | V10: Martes 23/4 | W10: =IF('CRUDO MARTES'!W10="Si",$N10,) -> 0 | X10: =IF('CRUDO MARTES'!X10="Si",$N10,) -> 0 | Y10: =IF('CRUDO MARTES'!Y10="Si",$N10,) -> 0 | Z10: =IF('CRUDO MARTES'!Z10="Si",$N10,) -> 0 | AA10: =IF('CRUDO MARTES'!AA10="Si",$N10,) -> 0 | AB10: =IF('CRUDO MARTES'!AB10="Si",$N10,) -> 0 | AC10: =IF('CRUDO MARTES'!AC10="Si",$N10,) -> 0 | AD10: =IF('CRUDO MARTES'!AD10="Si",$N10,) -> 0 | ... AO10: =IF('CRUDO MARTES'!AO10="Si",$N10,) -> 0 | AP10: Los estudiantes harán un proyecto sobre mate juegos vendría genial esta visita! Gracias
A11: 45363.543 | B11: jvibanez13@gmail.com | C11: Instituto Mercedes Pacheco | D11: 020029500 | E11: 9. Liceos / Normales / Colegios / Institutos orientados en ciencias sociales y/o humanidades | F11: Humanidades | G11: Privada | H11: Jorge Ibañez | I11: Luciana Perea | K11: jvibanez13@gmail.com | L11: CABA | M11: Recoleta | N11: 35 | O11: 6º Secundaria (Prov.) / 5º Media (CABA) | P11: 2 | Q11: 2 | R11: 5 | T11: No | U11: Si | V11: Martes 23/4 | W11: =IF('CRUDO MARTES'!W11="Si",$N11,) -> 0 | X11: =IF('CRUDO MARTES'!X11="Si",$N11,) -> 0 | Y11: =IF('CRUDO MARTES'!Y11="Si",$N11,) -> 0 | Z11: =IF('CRUDO MARTES'!Z11="Si",$N11,) -> 35 | AA11: =IF('CRUDO MARTES'!AA11="Si",$N11,) -> 0 | AB11: =IF('CRUDO MARTES'!AB11="Si",$N11,) -> 0 | AC11: =IF('CRUDO MARTES'!AC11="Si",$N11,) -> 0 | AD11: =IF('CRUDO MARTES'!AD11="Si",$N11,) -> 0 | ... AI11: =IF('CRUDO MARTES'!AI11="Si",$N11,) -> 0 | AJ11: 0 | AK11: 0 | AL11: =IF('CRUDO MARTES'!AL11="Si",$N11,) -> 0 | AM11: =IF('CRUDO MARTES'!AM11="Si",$N11,) -> 0 | AN11: 0 | AO11: 0 | AP11: Nunca participamos | AQ11: 13:30 a 16hs. | AR11: 1
A12: 45363.555 | B12: auniversidad@goethe.edu.ar | C12: Instituto Escolar Goethe Schule | D12: 061215200 | E12: 1. Liceos / Normales / Colegios / Institutos orientados en ciencias naturales y/o exactas | F12: Humanidades | G12: Privada | H12: Tatiana Wolff | I12: Melina Seinfert | K12: auniversidad@goethe.edu.ar | L12: PARTIDOS DEL GRAN BUENOS AIRES-NORTE | M12: Boologne Sur Mer | N12: 25 | O12: 6º Secundaria (Prov.) / 5º Media (CABA) | P12: 5 | Q12: 5 | R12: 0 | T12: Si | U12: Si | V12: Martes 23/4 | W12: =IF('CRUDO MARTES'!W12="Si",$N12,) -> 0 | X12: 0 | Y12: =IF('CRUDO MARTES'!Y12="Si",$N12,) -> 25 | Z12: =IF('CRUDO MARTES'!Z12="Si",$N12,) -> 0 | AA12: =IF('CRUDO MARTES'!AA12="Si",$N12,) -> 25 | AB12: =IF('CRUDO MARTES'!AB12="Si",$N12,) -> 0 | AC12: =IF('CRUDO MARTES'!AC12="Si",$N12,) -> 0 | AD12: =IF('CRUDO MARTES'!AD12="Si",$N12,) -> 0 | AE12: 25 | AF12: 0 | AG12: =IF('CRUDO MARTES'!AG12="Si",$N12,) -> 0 | AH12: =IF('CRUDO MARTES'!AH12="Si",$N12,) -> 0 | AI12: 0 | AJ12: 0 | AK12: =IF('CRUDO MARTES'!AK12="Si",$N12,) -> 25 | AL12: =IF('CRUDO MARTES'!AL12="Si",$N12,) -> 0 | AM12: =IF('CRUDO MARTES'!AM12="Si",$N12,) -> 0 | AN12: =IF('CRUDO MARTES'!AN12="Si",$N12,) -> 0 | AO12: =IF('CRUDO MARTES'!AO12="Si",$N12,) -> 0 | AQ12: 9 a 16hs. | AR12: 1
A13: 45363.631 | B13: jessicaamaidana@gmail.com | C13: Instituto Educacional Argentino Nuestra Señora de Luján | D13: 20059400 | E13: 3. Técnicas en administración de empresas, administración de las organizaciones, servicios turísticos, multimedios | F13: Economía | G13: Privada | H13: Maidana Jessica | I13: Fenando beitia | J13: Fernanda goldaracena | K13: jessicaamaidana@gmail.com | L13: CABA | M13: Villa Pueyrredón | N13: 0 | O13: 6º Secundaria (Prov.) / 5º Media (CABA) | P13: 4 | Q13: 5 | R13: 30 | T13: Si | U13: No | V13: Martes 23/4 | W13: =IF('CRUDO MARTES'!W13="Si",$N13,) -> 0 | X13: =IF('CRUDO MARTES'!X13="Si",$N13,) -> 0 | Y13: =IF('CRUDO MARTES'!Y13="Si",$N13,) -> 0 | Z13: =IF('CRUDO MARTES'!Z13="Si",$N13,) -> 0 | AA13: =IF('CRUDO MARTES'!AA13="Si",$N13,) -> 0 | AB13: =IF('CRUDO MARTES'!AB13="Si",$N13,) -> 0 | AC13: =IF('CRUDO MARTES'!AC13="Si",$N13,) -> 0 | AD13: =IF('CRUDO MARTES'!AD13="Si",$N13,) -> 0 | ... AO13: =IF('CRUDO MARTES'!AO13="Si",$N13,) -> 0
A14: 45363.647 | B14: mercedesgonzalez@institutourquiza.edu.ar | C14: Instituto Justo José de Urquiza SRL | D14: 201342 | E14: 9. Liceos / Normales / Colegios / Institutos orientados en ciencias sociales y/o humanidades | F14: Comunicación | G14: Privada | H14: Mercedes Gonzalez | I14: Martín Volpatti | J14: Carlos Espósito | K14: mercedesgonzalez@institutourquiza.edu.ar | L14: CABA | M14: Caballito | N14: 0 | O14: 5º Secundaria (Prov.) / 4º Media (CABA) | P14: 4 | Q14: 1 | R14: 10 | T14: Si | U14: No | V14: Martes 23/4 | W14: =IF('CRUDO MARTES'!W14="Si",$N14,) -> 0 | X14: =IF('CRUDO MARTES'!X14="Si",$N14,) -> 0 | Y14: =IF('CRUDO MARTES'!Y14="Si",$N14,) -> 0 | Z14: =IF('CRUDO MARTES'!Z14="Si",$N14,) -> 0 | AA14: =IF('CRUDO MARTES'!AA14="Si",$N14,) -> 0 | AB14: =IF('CRUDO MARTES'!AB14="Si",$N14,) -> 0 | AC14: =IF('CRUDO MARTES'!AC14="Si",$N14,) -> 0 | AD14: =IF('CRUDO MARTES'!AD14="Si",$N14,) -> 0 | ... AO14: =IF('CRUDO MARTES'!AO14="Si",$N14,) -> 0
A15: 45363.647 | B15: vanina.acuna89@gmail.com | C15: Instituto palomar de caseros | D15: 060578000 | E15: 9. Liceos / Normales / Colegios / Institutos orientados en ciencias sociales y/o humanidades | F15: Ciencias sociales | G15: Privada | H15: Vanina Acuña | I15: Claudia Cicarelli | J15: Leonardo Cardaci | K15: vanina.acuna89@gmail.com | L15: PARTIDOS DEL GRAN BUENOS AIRES-OESTE | M15: Ciudad jardin | N15: 25 | O15: 6º Secundaria (Prov.) / 5º Media (CABA) | P15: 3 | Q15: 3 | R15: 10 | T15: No | U15: Si | V15: Martes 23/4 | W15: =IF('CRUDO MARTES'!W15="Si",$N15,) -> 0 | X15: =IF('CRUDO MARTES'!X15="Si",$N15,) -> 0 | Y15: =IF('CRUDO MARTES'!Y15="Si",$N15,) -> 0 | Z15: =IF('CRUDO MARTES'!Z15="Si",$N15,) -> 25 | AA15: =IF('CRUDO MARTES'!AA15="Si",$N15,) -> 0 | AB15: =IF('CRUDO MARTES'!AB15="Si",$N15,) -> 0 | AC15: =IF('CRUDO MARTES'!AC15="Si",$N15,) -> 0 | AD15: =IF('CRUDO MARTES'!AD15="Si",$N15,) -> 25 | AE15: 0 | AF15: =IF('CRUDO MARTES'!AF15="Si",$N15,) -> 25 | AG15: =IF('CRUDO MARTES'!AG15="Si",$N15,) -> 0 | AH15: =IF('CRUDO MARTES'!AH15="Si",$N15,) -> 0 | AI15: =IF('CRUDO MARTES'!AI15="Si",$N15,) -> 0 | AJ15: 0 | AK15: 0 | AL15: =IF('CRUDO MARTES'!AL15="Si",$N15,) -> 0 | AM15: =IF('CRUDO MARTES'!AM15="Si",$N15,) -> 0 | AN15: 0 | AO15: 0 | AQ15: 12:30 a 16hs. | AR15: 1
A16: 45363.65 | B16: vanina.acuna89@gmail.com | C16: Instituto palomar de caseros | D16: 060578000 | E16: 10. Liceos / Normales / Colegios / Institutos de otras orientaciones | F16: Comunicaciones | G16: Privada | H16: Vanina acuña | I16: Claudia cicarelli | J16: Leonardo cardaci | K16: vanina.acuna89@gmail.com | L16: PARTIDOS DEL GRAN BUENOS AIRES-OESTE | M16: Ciudad jardin | N16: 20 | O16: 6º Secundaria (Prov.) / 5º Media (CABA) | P16: 3 | Q16: 3 | R16: 10 | T16: No | U16: Si | V16: Martes 23/4 | W16: =IF('CRUDO MARTES'!W16="Si",$N16,) -> 0 | X16: =IF('CRUDO MARTES'!X16="Si",$N16,) -> 0 | Y16: =IF('CRUDO MARTES'!Y16="Si",$N16,) -> 0 | Z16: =IF('CRUDO MARTES'!Z16="Si",$N16,) -> 20 | AA16: =IF('CRUDO MARTES'!AA16="Si",$N16,) -> 0 | AB16: =IF('CRUDO MARTES'!AB16="Si",$N16,) -> 0 | AC16: =IF('CRUDO MARTES'!AC16="Si",$N16,) -> 0 | AD16: =IF('CRUDO MARTES'!AD16="Si",$N16,) -> 20 | AE16: 0 | AF16: =IF('CRUDO MARTES'!AF16="Si",$N16,) -> 20 | AG16: =IF('CRUDO MARTES'!AG16="Si",$N16,) -> 0 | AH16: =IF('CRUDO MARTES'!AH16="Si",$N16,) -> 0 | AI16: =IF('CRUDO MARTES'!AI16="Si",$N16,) -> 0 | AJ16: 0 | AK16: 0 | AL16: =IF('CRUDO MARTES'!AL16="Si",$N16,) -> 0 | AM16: =IF('CRUDO MARTES'!AM16="Si",$N16,) -> 0 | AN16: 0 | AO16: 0 | AQ16: 12:30 a 16hs. | AR16: 1
A17: 45363.683 | B17: julieta.pianetti@bue.edu.ar | C17: ESC. TEC. Nº 30 NORBERTO PINERO DE 02 | D17: 020144800 | E17: 5. Técnicas área producción (electromecánica, mecánica, metalurgia, electricidad, automotores, refrigeración, construcciones, maestro mayor de obras, aeronáutica, naval, aviónico, óptico, en geografía matemática) | F17: Electromecánica | G17: Estatal | H17: Julieta Pianetti | I17: Gisela Martínez | J17: Alejandro Barrera | K17: julieta.pianetti@bue.edu.ar | L17: CABA | M17: Almagro | N17: 22 | O17: 5º Secundaria (Prov.) / 4º Media (CABA) | P17: 5 | Q17: 5 | R17: 90 | T17: Si | U17: No | V17: Martes 23/4 | W17: =IF('CRUDO MARTES'!W17="Si",$N17,) -> 0 | X17: =IF('CRUDO MARTES'!X17="Si",$N17,) -> 0 | Y17: 22 | Z17: =IF('CRUDO MARTES'!Z17="Si",$N17,) -> 0 | AA17: =IF('CRUDO MARTES'!AA17="Si",$N17,) -> 22 | AB17: =IF('CRUDO MARTES'!AB17="Si",$N17,) -> 0 | AC17: =IF('CRUDO MARTES'!AC17="Si",$N17,) -> 0 | AD17: =IF('CRUDO MARTES'!AD17="Si",$N17,) -> 0 | AE17: =IF('CRUDO MARTES'!AE17="Si",$N17,) -> 0 | AF17: =IF('CRUDO MARTES'!AF17="Si",$N17,) -> 0 | AG17: =IF('CRUDO MARTES'!AG17="Si",$N17,) -> 0 | ... AL17: =IF('CRUDO MARTES'!AL17="Si",$N17,) -> 0 | AM17: 0 | AN17: =IF('CRUDO MARTES'!AN17="Si",$N17,) -> 0 | AO17: =IF('CRUDO MARTES'!AO17="Si",$N17,) -> 0 | AQ17: 9 a 11:30hs. | AR17: 1
A18: 45363.708 | B18: lucila.zobra@colegiosanfranciscocoll.com.ar | C18: COLEGIO SAN FRANCISCO COLL | D18: 020078500 | E18: 10. Liceos / Normales / Colegios / Institutos de otras orientaciones | F18: Economía y Administración | G18: Privada | H18: María Lucila Zobra | I18: Silvina Salvia | J18: Sofía Rodríguez Bazzi | K18: lucila.zobra@colegiosanfranciscocoll.com.ar | L18: CABA | M18: Villa Urquiza | N18: 35 | O18: 6º Secundaria (Prov.) / 5º Media (CABA) | P18: 2 | Q18: 3 | R18: 75 | T18: Si | U18: No | V18: Martes 23/4 | W18: =IF('CRUDO MARTES'!W18="Si",$N18,) -> 35 | X18: =IF('CRUDO MARTES'!X18="Si",$N18,) -> 0 | Y18: =IF('CRUDO MARTES'!Y18="Si",$N18,) -> 0 | Z18: =IF('CRUDO MARTES'!Z18="Si",$N18,) -> 0 | AA18: =IF('CRUDO MARTES'!AA18="Si",$N18,) -> 0 | AB18: 0 | AC18: 35 | AD18: =IF('CRUDO MARTES'!AD18="Si",$N18,) -> 0 | AE18: =IF('CRUDO MARTES'!AE18="Si",$N18,) -> 0 | AF18: =IF('CRUDO MARTES'!AF18="Si",$N18,) -> 0 | AG18: =IF('CRUDO MARTES'!AG18="Si",$N18,) -> 0 | AH18: =IF('CRUDO MARTES'!AH18="Si",$N18,) -> 0 | AI18: 0 | AJ18: =IF('CRUDO MARTES'!AJ18="Si",$N18,) -> 0 | AK18: =IF('CRUDO MARTES'!AK18="Si",$N18,) -> 0 | AL18: =IF('CRUDO MARTES'!AL18="Si",$N18,) -> 35 | AM18: =IF('CRUDO MARTES'!AM18="Si",$N18,) -> 0 | AN18: =IF('CRUDO MARTES'!AN18="Si",$N18,) -> 0 | AO18: =IF('CRUDO MARTES'!AO18="Si",$N18,) -> 0 | AP18: No habría problema con modificar los horarios de talleres, actividades y charlas respetando día y turno. | AQ18: 9 a 11:30hs. | AR18: 1
A19: 45363.711 | B19: lucila.zobra@colegiosanfranciscocoll.com.ar | C19: COLEGIO SAN FRANCISCO COLL | D19: 020078500 | E19: 10. Liceos / Normales / Colegios / Institutos de otras orientaciones | F19: Economía y Administración | G19: Privada | H19: Lucila Zobra | I19: Cecilia Mota | J19: Macarena Sanguiao | K19: lucila.zobra@colegiosanfranciscocoll.com.ar | L19: CABA | M19: Villa Urquiza | N19: 0 | O19: 6º Secundaria (Prov.) / 5º Media (CABA) | P19: 2 | Q19: 3 | R19: 75 | T19: Si | U19: No | V19: Martes 23/4 | W19: =IF('CRUDO MARTES'!W19="Si",$N19,) -> 0 | X19: =IF('CRUDO MARTES'!X19="Si",$N19,) -> 0 | Y19: =IF('CRUDO MARTES'!Y19="Si",$N19,) -> 0 | Z19: =IF('CRUDO MARTES'!Z19="Si",$N19,) -> 0 | AA19: =IF('CRUDO MARTES'!AA19="Si",$N19,) -> 0 | AB19: =IF('CRUDO MARTES'!AB19="Si",$N19,) -> 0 | AC19: =IF('CRUDO MARTES'!AC19="Si",$N19,) -> 0 | AD19: =IF('CRUDO MARTES'!AD19="Si",$N19,) -> 0 | ... AO19: =IF('CRUDO MARTES'!AO19="Si",$N19,) -> 0 | AP19: No habría problema con modificar los horarios de talleres, actividades y charlas respetando día y turno.
A20: 45363.724 | B20: zelayaandrea@hotmail.com | C20: Instituto Don Orione | D20: 61338200 | E20: 1. Liceos / Normales / Colegios / Institutos orientados en ciencias naturales y/o exactas | F20: Naturales | G20: Privada | H20: Zelaya maria Andrea | I20: Glliozzi sandra | J20: SCHMITLEIN CLAUDIA | K20: zelayaandrea@hotmail.com | L20: PARTIDOS DEL GRAN BUENOS AIRES-SUR | M20: Florencio varela | N20: 30 | O20: 6º Secundaria (Prov.) / 5º Media (CABA) | P20: 5 | Q20: 5 | R20: 40 | S20: . | T20: Si | U20: No | V20: Martes 23/4 | W20: =IF('CRUDO MARTES'!W20="Si",$N20,) -> 30 | X20: =IF('CRUDO MARTES'!X20="Si",$N20,) -> 0 | Y20: =IF('CRUDO MARTES'!Y20="Si",$N20,) -> 0 | Z20: =IF('CRUDO MARTES'!Z20="Si",$N20,) -> 0 | AA20: =IF('CRUDO MARTES'!AA20="Si",$N20,) -> 0 | AB20: 30 | AC20: =IF('CRUDO MARTES'!AC20="Si",$N20,) -> 0 | AD20: =IF('CRUDO MARTES'!AD20="Si",$N20,) -> 30 | AE20: =IF('CRUDO MARTES'!AE20="Si",$N20,) -> 0 | AF20: =IF('CRUDO MARTES'!AF20="Si",$N20,) -> 0 | AG20: =IF('CRUDO MARTES'!AG20="Si",$N20,) -> 0 | AH20: 0 | AI20: =IF('CRUDO MARTES'!AI20="Si",$N20,) -> 0 | AJ20: =IF('CRUDO MARTES'!AJ20="Si",$N20,) -> 0 | AK20: =IF('CRUDO MARTES'!AK20="Si",$N20,) -> 0 | AL20: =IF('CRUDO MARTES'!AL20="Si",$N20,) -> 0 | AM20: 0 | AN20: =IF('CRUDO MARTES'!AN20="Si",$N20,) -> 0 | AO20: =IF('CRUDO MARTES'!AO20="Si",$N20,) -> 0 | AQ20: 9 a 14hs. | AR20: 1
A21: 45363.727 | B21: zelayaandrea@hotmail.com | C21: Instituto Don Orione | D21: 61338200 | E21: 10. Liceos / Normales / Colegios / Institutos de otras orientaciones | F21: Orientacion en Economía | G21: Privada | H21: Zelaya Maria Andrea | I21: Gliozzi Sandra | J21: Schmitlein claudia | K21: zelayaandrea@hotmail.com | L21: PARTIDOS DEL GRAN BUENOS AIRES-SUR | M21: Florencio Varela | N21: 30 | O21: 6º Secundaria (Prov.) / 5º Media (CABA) | P21: 5 | Q21: 5 | R21: 40 | S21: . | T21: Si | U21: Si | V21: Martes 23/4 | W21: =IF('CRUDO MARTES'!W21="Si",$N21,) -> 30 | X21: =IF('CRUDO MARTES'!X21="Si",$N21,) -> 0 | Y21: =IF('CRUDO MARTES'!Y21="Si",$N21,) -> 0 | Z21: =IF('CRUDO MARTES'!Z21="Si",$N21,) -> 0 | AA21: =IF('CRUDO MARTES'!AA21="Si",$N21,) -> 0 | AB21: 30 | AC21: =IF('CRUDO MARTES'!AC21="Si",$N21,) -> 0 | AD21: =IF('CRUDO MARTES'!AD21="Si",$N21,) -> 30 | AE21: =IF('CRUDO MARTES'!AE21="Si",$N21,) -> 0 | AF21: =IF('CRUDO MARTES'!AF21="Si",$N21,) -> 0 | AG21: =IF('CRUDO MARTES'!AG21="Si",$N21,) -> 0 | AH21: 0 | AI21: =IF('CRUDO MARTES'!AI21="Si",$N21,) -> 0 | AJ21: =IF('CRUDO MARTES'!AJ21="Si",$N21,) -> 0 | AK21: =IF('CRUDO MARTES'!AK21="Si",$N21,) -> 0 | AL21: =IF('CRUDO MARTES'!AL21="Si",$N21,) -> 0 | AM21: 0 | AN21: =IF('CRUDO MARTES'!AN21="Si",$N21,) -> 0 | AO21: =IF('CRUDO MARTES'!AO21="Si",$N21,) -> 0 | AQ21: 9 a 14hs. | AR21: 1
A22: 45363.727 | B22: lilianamercado@colegioubaescobar.gob.ar | C22: Cereijo UBA | D22: 1111111 | E22: 1. Liceos / Normales / Colegios / Institutos orientados en ciencias naturales y/o exactas | F22: Exactas | G22: Estatal | H22: Liliana Mercado | I22: Marlene Aguirre | K22: lilianamercado@colegioubaescobar.gob.ar | L22: PARTIDOS DEL GRAN BUENOS AIRES-NORTE | M22: Belén de Escobar | N22: 35 | O22: 4º Secundaria (Prov:) / 3º Media (CABA) | P22: 5 | Q22: 5 | R22: 0 | T22: Si | U22: Si | V22: Martes 23/4 | W22: =IF('CRUDO MARTES'!W22="Si",$N22,) -> 35 | X22: 0 | Y22: 0 | Z22: =IF('CRUDO MARTES'!Z22="Si",$N22,) -> 35 | AA22: 0 | AB22: 0 | AC22: =IF('CRUDO MARTES'!AC22="Si",$N22,) -> 35 | AD22: =IF('CRUDO MARTES'!AD22="Si",$N22,) -> 35 | AE22: =IF('CRUDO MARTES'!AE22="Si",$N22,) -> 0 | AF22: =IF('CRUDO MARTES'!AF22="Si",$N22,) -> 0 | AG22: 0 | AH22: =IF('CRUDO MARTES'!AH22="Si",$N22,) -> 0 | AI22: =IF('CRUDO MARTES'!AI22="Si",$N22,) -> 0 | AJ22: =IF('CRUDO MARTES'!AJ22="Si",$N22,) -> 0 | AK22: =IF('CRUDO MARTES'!AK22="Si",$N22,) -> 0 | AL22: 0 | AM22: 0 | AN22: =IF('CRUDO MARTES'!AN22="Si",$N22,) -> 0 | AO22: =IF('CRUDO MARTES'!AO22="Si",$N22,) -> 0 | AQ22: 9 a 15hs. | AR22: 1
A23: 45363.73 | B23: lilianamercado@colegioubaescobar.gob.ar | C23: Cereijo UBA | D23: 1111111 | E23: 1. Liceos / Normales / Colegios / Institutos orientados en ciencias naturales y/o exactas | F23: Arte | G23: Estatal | H23: Liliana Mercado | I23: Sebastián Furlong | K23: lilianamercado@colegioubaescobar.gob.ar | L23: PARTIDOS DEL GRAN BUENOS AIRES-NORTE | M23: Belén de Escobar | N23: 35 | O23: 4º Secundaria (Prov:) / 3º Media (CABA) | P23: 5 | Q23: 5 | R23: 0 | T23: Si | U23: Si | V23: Martes 23/4 | W23: =IF('CRUDO MARTES'!W23="Si",$N23,) -> 35 | X23: 0 | Y23: 0 | Z23: =IF('CRUDO MARTES'!Z23="Si",$N23,) -> 35 | AA23: 0 | AB23: 0 | AC23: 0 | AD23: =IF('CRUDO MARTES'!AD23="Si",$N23,) -> 35 | AE23: 0 | AF23: 0 | AG23: 0 | AH23: 0 | AI23: =IF('CRUDO MARTES'!AI23="Si",$N23,) -> 35 | AJ23: 0 | AK23: 0 | AL23: 0 | AM23: 0 | AN23: 0 | AO23: 0 | AQ23: 9 a 15hs. | AR23: 1
A24: 45363.866 | B24: saulprofe2024@gmail.com | C24: Escuela de Educación Secundaria Nro 5 Belgrano Educador | D24: 060917900 | E24: 1. Liceos / Normales / Colegios / Institutos orientados en ciencias naturales y/o exactas | F24: Ciencias naturales y ciencias sociales | G24: Estatal | H24: Saúl Flores | I24: Walter Marquez | J24: Nadia Oflaerti | K24: saulprofe2024@gmail.com | L24: PARTIDOS DEL GRAN BUENOS AIRES-OESTE | M24: Campo de mayo | N24: 40 | O24: 6º Secundaria (Prov.) / 5º Media (CABA) | P24: 3 | Q24: 5 | R24: 40 | T24: No | U24: Si | V24: Martes 23/4 | W24: =IF('CRUDO MARTES'!W24="Si",$N24,) -> 0 | X24: =IF('CRUDO MARTES'!X24="Si",$N24,) -> 0 | Y24: =IF('CRUDO MARTES'!Y24="Si",$N24,) -> 0 | Z24: 35 | AA24: =IF('CRUDO MARTES'!AA24="Si",$N24,) -> 0 | AB24: =IF('CRUDO MARTES'!AB24="Si",$N24,) -> 0 | AC24: =IF('CRUDO MARTES'!AC24="Si",$N24,) -> 0 | AD24: =IF('CRUDO MARTES'!AD24="Si",$N24,) -> 40 | AE24: 0 | AF24: =IF('CRUDO MARTES'!AF24="Si",$N24,) -> 0 | AG24: =IF('CRUDO MARTES'!AG24="Si",$N24,) -> 0 | AH24: =IF('CRUDO MARTES'!AH24="Si",$N24,) -> 0 | AI24: =IF('CRUDO MARTES'!AI24="Si",$N24,) -> 0 | AJ24: 0 | AK24: 35 | AL24: =IF('CRUDO MARTES'!AL24="Si",$N24,) -> 0 | AM24: =IF('CRUDO MARTES'!AM24="Si",$N24,) -> 0 | AN24: =IF('CRUDO MARTES'!AN24="Si",$N24,) -> 0 | AO24: 0 | AP24: No me deja marcar las opciones de visitaa guiadas y talleres. | AQ24: 12:30 a 15hs. | AR24: 1
A25: 45363.869 | B25: gisela.serrano@bue.edu.ar | C25: Escuela Normal Superior N°4 "Estanislao S. Zeballos" | D25: 20129700 | E25: 1. Liceos / Normales / Colegios / Institutos orientados en ciencias naturales y/o exactas | F25: Matemática-Física | G25: Estatal | H25: Gisela Serrano | J25: Yamile Bohorquez | K25: gisela.serrano@bue.edu.ar | L25: CABA | M25: Caballito | N25: 26 | O25: 6º Secundaria (Prov.) / 5º Media (CABA) | P25: 5 | Q25: 4 | R25: 10 | T25: Si | U25: No | V25: Martes 23/4 | W25: =IF('CRUDO MARTES'!W25="Si",$N25,) -> 26 | X25: =IF('CRUDO MARTES'!X25="Si",$N25,) -> 0 | Y25: =IF('CRUDO MARTES'!Y25="Si",$N25,) -> 0 | Z25: =IF('CRUDO MARTES'!Z25="Si",$N25,) -> 0 | AA25: =IF('CRUDO MARTES'!AA25="Si",$N25,) -> 0 | AB25: =IF('CRUDO MARTES'!AB25="Si",$N25,) -> 26 | AC25: =IF('CRUDO MARTES'!AC25="Si",$N25,) -> 0 | AD25: =IF('CRUDO MARTES'!AD25="Si",$N25,) -> 0 | ... AH25: =IF('CRUDO MARTES'!AH25="Si",$N25,) -> 0 | AI25: 0 | AJ25: =IF('CRUDO MARTES'!AJ25="Si",$N25,) -> 0 | AK25: =IF('CRUDO MARTES'!AK25="Si",$N25,) -> 0 | AL25: =IF('CRUDO MARTES'!AL25="Si",$N25,) -> 0 | AM25: =IF('CRUDO MARTES'!AM25="Si",$N25,) -> 0 | AN25: =IF('CRUDO MARTES'!AN25="Si",$N25,) -> 0 | AO25: =IF('CRUDO MARTES'!AO25="Si",$N25,) -> 0 | AQ25: 9 a 11:30hs. | AR25: 1
A26: 45363.972 | B26: simonespinoza@colegiopiaget.edu.ar | C26: COLEGIO PIAGET | D26: 061222400 | E26: 4. Artísticas de todas las orientaciones | F26: Secundario orientación en artes | G26: Privada | H26: Magalí Garbuglia | I26: Gustavo Jaimes | J26: Simón Espinoza | K26: secundaria@colegiopiaget.edu.ar | L26: PARTIDOS DEL GRAN BUENOS AIRES-NORTE | M26: San Isidro | N26: 0 | O26: 5º Secundaria (Prov.) / 4º Media (CABA) | P26: 5 | Q26: 3 | R26: 0 | S26: Deseamos que nuestros estudiantes reconozcan la importancia de la matemática como disciplina transversal a todas | T26: Si | U26: Si | V26: Martes 23/4 | W26: =IF('CRUDO MARTES'!W26="Si",$N26,) -> 0 | X26: =IF('CRUDO MARTES'!X26="Si",$N26,) -> 0 | Y26: =IF('CRUDO MARTES'!Y26="Si",$N26,) -> 0 | Z26: =IF('CRUDO MARTES'!Z26="Si",$N26,) -> 0 | AA26: =IF('CRUDO MARTES'!AA26="Si",$N26,) -> 0 | AB26: =IF('CRUDO MARTES'!AB26="Si",$N26,) -> 0 | AC26: =IF('CRUDO MARTES'!AC26="Si",$N26,) -> 0 | AD26: =IF('CRUDO MARTES'!AD26="Si",$N26,) -> 0 | ... AO26: =IF('CRUDO MARTES'!AO26="Si",$N26,) -> 0
A27: 45364.025 | B27: laurabusso@bue.edu.ar | C27: Normal 9 D. F. Sarmiento | D27: 00201177 | E27: 1. Liceos / Normales / Colegios / Institutos orientados en ciencias naturales y/o exactas | F27: Naturales y turismo | G27: Estatal | H27: María Laura Busso | I27: Gonzalo Godoy | J27: Lorena García | K27: laurabusso@bue.edu | L27: CABA | M27: Balvanera | N27: 35 | O27: 6º Secundaria (Prov.) / 5º Media (CABA) | P27: 3 | Q27: 3 | R27: 80 | S27: Poblacion escolar en su mayor parte del barrio de retiro | T27: Si | U27: No | V27: Martes 23/4 | W27: =IF('CRUDO MARTES'!W27="Si",$N27,) -> 0 | X27: =IF('CRUDO MARTES'!X27="Si",$N27,) -> 0 | Y27: =IF('CRUDO MARTES'!Y27="Si",$N27,) -> 35 | Z27: =IF('CRUDO MARTES'!Z27="Si",$N27,) -> 0 | AA27: =IF('CRUDO MARTES'!AA27="Si",$N27,) -> 0 | AB27: =IF('CRUDO MARTES'!AB27="Si",$N27,) -> 0 | AC27: =IF('CRUDO MARTES'!AC27="Si",$N27,) -> 0 | AD27: =IF('CRUDO MARTES'!AD27="Si",$N27,) -> 0 | ... AF27: =IF('CRUDO MARTES'!AF27="Si",$N27,) -> 0 | AG27: 0 | AH27: =IF('CRUDO MARTES'!AH27="Si",$N27,) -> 0 | AI27: =IF('CRUDO MARTES'!AI27="Si",$N27,) -> 0 | AJ27: =IF('CRUDO MARTES'!AJ27="Si",$N27,) -> 0 | AK27: =IF('CRUDO MARTES'!AK27="Si",$N27,) -> 0 | AL27: =IF('CRUDO MARTES'!AL27="Si",$N27,) -> 35 | AM27: =IF('CRUDO MARTES'!AM27="Si",$N27,) -> 0 | AN27: =IF('CRUDO MARTES'!AN27="Si",$N27,) -> 0 | AO27: =IF('CRUDO MARTES'!AO27="Si",$N27,) -> 0 | AQ27: 10 a 12:30hs. | AR27: 1
A28: 45364.026 | B28: wmarquez@abc.gob.ar | C28: E.E.S n⁰5 "Belgrano Educador" | D28: 060917900 | E28: 1. Liceos / Normales / Colegios / Institutos orientados en ciencias naturales y/o exactas | F28: Exactas | G28: Estatal | H28: Walter Marquez | I28: Javier Delia | J28: Silvana Sosa | K28: wmarquez@abc.gob.ar | L28: PARTIDOS DEL GRAN BUENOS AIRES-OESTE | M28: San miguel | N28: 35 | O28: 6º Secundaria (Prov.) / 5º Media (CABA) | P28: 3 | Q28: 4 | R28: 40 | T28: Si | U28: Si | V28: Martes 23/4 | W28: =IF('CRUDO MARTES'!W28="Si",$N28,) -> 0 | X28: =IF('CRUDO MARTES'!X28="Si",$N28,) -> 35 | Y28: 0 | Z28: 0 | AA28: =IF('CRUDO MARTES'!AA28="Si",$N28,) -> 0 | AB28: 0 | AC28: =IF('CRUDO MARTES'!AC28="Si",$N28,) -> 35 | AD28: 0 | AE28: =IF('CRUDO MARTES'!AE28="Si",$N28,) -> 35 | AF28: 0 | AG28: =IF('CRUDO MARTES'!AG28="Si",$N28,) -> 0 | AH28: 0 | AI28: 0 | AJ28: 0 | AK28: 0 | AL28: 0 | AM28: 0 | AN28: 0 | AO28: 0 | AQ28: 10 a 15hs. | AR28: 1
A29: 45364.037 | B29: laurabusso@bue.edu.ar | C29: Normal 9 | D29: 201177 | E29: 1. Liceos / Normales / Colegios / Institutos orientados en ciencias naturales y/o exactas | F29: Turismo y naturales | G29: Estatal | H29: María Laura Busso | I29: Gonzalo Godoy | J29: Lorena García | K29: laurabusso@bue.edu.ar | L29: CABA | M29: Balvanera | N29: 35 | O29: 6º Secundaria (Prov.) / 5º Media (CABA) | P29: 3 | Q29: 3 | R29: 85 | T29: Si | U29: No | V29: Martes 23/4 | W29: =IF('CRUDO MARTES'!W29="Si",$N29,) -> 0 | X29: =IF('CRUDO MARTES'!X29="Si",$N29,) -> 0 | Y29: =IF('CRUDO MARTES'!Y29="Si",$N29,) -> 35 | Z29: =IF('CRUDO MARTES'!Z29="Si",$N29,) -> 0 | AA29: =IF('CRUDO MARTES'!AA29="Si",$N29,) -> 0 | AB29: 35 | AC29: =IF('CRUDO MARTES'!AC29="Si",$N29,) -> 0 | AD29: =IF('CRUDO MARTES'!AD29="Si",$N29,) -> 0 | AE29: =IF('CRUDO MARTES'!AE29="Si",$N29,) -> 0 | AF29: =IF('CRUDO MARTES'!AF29="Si",$N29,) -> 0 | AG29: 0 | AH29: =IF('CRUDO MARTES'!AH29="Si",$N29,) -> 0 | AI29: =IF('CRUDO MARTES'!AI29="Si",$N29,) -> 0 | AJ29: =IF('CRUDO MARTES'!AJ29="Si",$N29,) -> 0 | AK29: =IF('CRUDO MARTES'!AK29="Si",$N29,) -> 0 | AL29: =IF('CRUDO MARTES'!AL29="Si",$N29,) -> 0 | AM29: 0 | AN29: =IF('CRUDO MARTES'!AN29="Si",$N29,) -> 0 | AO29: =IF('CRUDO MARTES'!AO29="Si",$N29,) -> 0 | AQ29: NO TIENE ESTACIONES, SOLO 1 CHARLA | AR29: 1
A30: 45364.391 | B30: marucha1673@gmail.com | C30: INSTITUTO EDUCACIONAL ARGENTINO NUESTRA SEÑORA DE LUJAN | D30: 61 | E30: 10. Liceos / Normales / Colegios / Institutos de otras orientaciones | F30: Informática | G30: Privada | H30: LAUTARO | I30: PEREYRA LIMA | J30: Fernanda Goldaracena | K30: maru.cuba73@gmail.com | L30: CABA | M30: Vila Pueyrredon | N30: 0 | O30: 6º Secundaria (Prov.) / 5º Media (CABA) | P30: 4 | Q30: 4 | R30: 10 | T30: Si | U30: No | V30: Martes 23/4 | W30: 0 | X30: 0 | Y30: 35 | Z30: =IF('CRUDO MARTES'!Z30="Si",$N30,) -> 0 | AA30: =IF('CRUDO MARTES'!AA30="Si",$N30,) -> 0 | AB30: =IF('CRUDO MARTES'!AB30="Si",$N30,) -> 0 | AC30: 0 | AD30: =IF('CRUDO MARTES'!AD30="Si",$N30,) -> 0 | AE30: =IF('CRUDO MARTES'!AE30="Si",$N30,) -> 0 | AF30: =IF('CRUDO MARTES'!AF30="Si",$N30,) -> 0 | AG30: =IF('CRUDO MARTES'!AG30="Si",$N30,) -> 0 | AH30: =IF('CRUDO MARTES'!AH30="Si",$N30,) -> 0 | AI30: =IF('CRUDO MARTES'!AI30="Si",$N30,) -> 0 | AJ30: =IF('CRUDO MARTES'!AJ30="Si",$N30,) -> 0 | AK30: =IF('CRUDO MARTES'!AK30="Si",$N30,) -> 0 | ... AO30: =IF('CRUDO MARTES'!AO30="Si",$N30,) -> 0
A31: 45364.402 | B31: maru.cuba73@gmail.com | C31: INSTITUTO EDUCACIONAL ARGENTINO NUESTRA SEÑORA DE LUJAN | D31: 61 | E31: 10. Liceos / Normales / Colegios / Institutos de otras orientaciones | F31: INFORMATICA | G31: Privada | H31: MARIELA CUBA | I31: FERNANDO OLIVA | J31: FERNANDA GOLDARACENA | K31: maru.cuba73@gmail.com | L31: CABA | M31: VILLA PUEYRREDON | N31: 35 | O31: 6º Secundaria (Prov.) / 5º Media (CABA) | P31: 4 | Q31: 4 | R31: 10 | T31: Si | U31: No | V31: Martes 23/4 | W31: 0 | X31: 0 | Y31: =IF('CRUDO MARTES'!Y31="Si",$N31,) -> 35 | Z31: =IF('CRUDO MARTES'!Z31="Si",$N31,) -> 0 | AA31: 0 | AB31: =IF('CRUDO MARTES'!AB31="Si",$N31,) -> 35 | AC31: 0 | AD31: =IF('CRUDO MARTES'!AD31="Si",$N31,) -> 0 | AE31: =IF('CRUDO MARTES'!AE31="Si",$N31,) -> 0 | AF31: =IF('CRUDO MARTES'!AF31="Si",$N31,) -> 0 | AG31: 0 | AH31: 0 | AI31: 0 | AJ31: =IF('CRUDO MARTES'!AJ31="Si",$N31,) -> 0 | AK31: =IF('CRUDO MARTES'!AK31="Si",$N31,) -> 0 | AL31: 0 | AM31: 0 | AN31: =IF('CRUDO MARTES'!AN31="Si",$N31,) -> 0 | AO31: =IF('CRUDO MARTES'!AO31="Si",$N31,) -> 0 | AP31: LOS ALUMNOS ESTAN BUSCANDO QUE ESTUDIAR Y ESTO LES AYUDARIA MUCHISIMO | AQ31: 10 a 12.30hs | AR31: 1
A32: 45364.429 | B32: smorel@sanvicenteescobar.edu.ar | C32: Instituto San Vicente de Paul | D32: 061310300 | E32: 1. Liceos / Normales / Colegios / Institutos orientados en ciencias naturales y/o exactas | F32: Bachiller con orientación en Ciencias Naturales | G32: Privada | H32: Silvana Morel | I32: Lorena Medina | J32: Diego Torres | K32: smorel@sanvicenteescobar.edu.ar | L32: PARTIDOS DEL GRAN BUENOS AIRES-NORTE | M32: Escobar | N32: 32 | O32: 6º Secundaria (Prov.) / 5º Media (CABA) | P32: 5 | Q32: 3 | R32: 0 | T32: Si | U32: No | V32: Martes 23/4 | W32: 0 | X32: 0 | Y32: =IF('CRUDO MARTES'!Y32="Si",$N32,) -> 32 | Z32: =IF('CRUDO MARTES'!Z32="Si",$N32,) -> 0 | AA32: 0 | AB32: =IF('CRUDO MARTES'!AB32="Si",$N32,) -> 32 | AC32: 0 | AD32: =IF('CRUDO MARTES'!AD32="Si",$N32,) -> 0 | AE32: =IF('CRUDO MARTES'!AE32="Si",$N32,) -> 0 | AF32: =IF('CRUDO MARTES'!AF32="Si",$N32,) -> 0 | AG32: 0 | AH32: 0 | AI32: 0 | AJ32: =IF('CRUDO MARTES'!AJ32="Si",$N32,) -> 0 | AK32: =IF('CRUDO MARTES'!AK32="Si",$N32,) -> 0 | AL32: 0 | AM32: 0 | AN32: =IF('CRUDO MARTES'!AN32="Si",$N32,) -> 0 | AO32: =IF('CRUDO MARTES'!AO32="Si",$N32,) -> 0 | AQ32: 10 a 12.30hs | AR32: 1
A33: 45364.429 | B33: lmedina@sanvicenteescobar.edu.ar | C33: Instituto San Vicente de Paul | D33: 061310300 | E33: 9. Liceos / Normales / Colegios / Institutos orientados en ciencias sociales y/o humanidades | F33: Bachiller con orientación en Cs Sociales | G33: Privada | H33: Lorena Medina | I33: Silvana Morel | J33: Lorena Rodriguez | K33: lmedina@sanvicenteescobar.edu.ar | L33: PARTIDOS DEL GRAN BUENOS AIRES-NORTE | M33: Escobar | N33: 35 | O33: 6º Secundaria (Prov.) / 5º Media (CABA) | P33: 5 | Q33: 3 | R33: 0 | T33: Si | U33: No | V33: Martes 23/4 | W33: 0 | X33: 0 | Y33: =IF('CRUDO MARTES'!Y33="Si",$N33,) -> 35 | Z33: =IF('CRUDO MARTES'!Z33="Si",$N33,) -> 0 | AA33: 0 | AB33: =IF('CRUDO MARTES'!AB33="Si",$N33,) -> 35 | AC33: 0 | AD33: =IF('CRUDO MARTES'!AD33="Si",$N33,) -> 0 | AE33: =IF('CRUDO MARTES'!AE33="Si",$N33,) -> 0 | AF33: =IF('CRUDO MARTES'!AF33="Si",$N33,) -> 0 | AG33: 0 | AH33: 0 | AI33: 0 | AJ33: =IF('CRUDO MARTES'!AJ33="Si",$N33,) -> 0 | AK33: =IF('CRUDO MARTES'!AK33="Si",$N33,) -> 0 | AL33: 0 | AM33: 0 | AN33: =IF('CRUDO MARTES'!AN33="Si",$N33,) -> 0 | AO33: =IF('CRUDO MARTES'!AO33="Si",$N33,) -> 0 | AQ33: 10 a 12.30hs | AR33: 1
A34: 45364.76 | B34: silviaetchebehere@colegiocanada.edu.ar | C34: Colegio Canadá | D34: 641 | E34: 9. Liceos / Normales / Colegios / Institutos orientados en ciencias sociales y/o humanidades | F34: Ciencias Sociales | G34: Privada | H34: Silvia Mara Etchebehere | I34: Luciana Rodríguez | J34: Paola Reyes | K34: silviaetchebehere@colegiocanada.edu.ar | L34: CABA | M34: Caballito/Caba31 | N34: 0 | O34: 5º Secundaria (Prov.) / 4º Media (CABA) | P34: 5 | Q34: 4 | R34: 10 | T34: Si | U34: No | V34: Martes 23/4 | W34: =IF('CRUDO MARTES'!W34="Si",$N34,) -> 0 | X34: =IF('CRUDO MARTES'!X34="Si",$N34,) -> 0 | Y34: =IF('CRUDO MARTES'!Y34="Si",$N34,) -> 0 | Z34: =IF('CRUDO MARTES'!Z34="Si",$N34,) -> 0 | AA34: =IF('CRUDO MARTES'!AA34="Si",$N34,) -> 0 | AB34: =IF('CRUDO MARTES'!AB34="Si",$N34,) -> 0 | AC34: =IF('CRUDO MARTES'!AC34="Si",$N34,) -> 0 | AD34: =IF('CRUDO MARTES'!AD34="Si",$N34,) -> 0 | ... AO34: =IF('CRUDO MARTES'!AO34="Si",$N34,) -> 0
A35: 45364.763 | B35: silviaetchebehere@colegiocanada.edu.ar | C35: Colegio Canadá | D35: 641 | E35: 9. Liceos / Normales / Colegios / Institutos orientados en ciencias sociales y/o humanidades | F35: Ciencias Sociales | G35: Privada | H35: Silvia Mara Etchebehere | I35: Luciana Rodríguez | J35: Paola Reyes | K35: silviaetchebehere@colegiocanada.edu.ar | L35: CABA | M35: Caballito Caba | N35: 0 | O35: 5º Secundaria (Prov.) / 4º Media (CABA) | P35: 5 | Q35: 4 | R35: 10 | T35: Si | U35: No | V35: Martes 23/4 | W35: =IF('CRUDO MARTES'!W35="Si",$N35,) -> 0 | X35: =IF('CRUDO MARTES'!X35="Si",$N35,) -> 0 | Y35: =IF('CRUDO MARTES'!Y35="Si",$N35,) -> 0 | Z35: =IF('CRUDO MARTES'!Z35="Si",$N35,) -> 0 | AA35: =IF('CRUDO MARTES'!AA35="Si",$N35,) -> 0 | AB35: =IF('CRUDO MARTES'!AB35="Si",$N35,) -> 0 | AC35: =IF('CRUDO MARTES'!AC35="Si",$N35,) -> 0 | AD35: =IF('CRUDO MARTES'!AD35="Si",$N35,) -> 0 | ... AO35: =IF('CRUDO MARTES'!AO35="Si",$N35,) -> 0
A36: 45364.795 | B36: jaquelin.e.pereyra@hotmail.com | C36: Escuela de Educación Secundaria N°35 | D36: 061826600 | E36: 10. Liceos / Normales / Colegios / Institutos de otras orientaciones | F36: Comunicación | G36: Estatal | H36: Jaqueline Pereyra | I36: Natalia Gómez | J36: Norma Gaitán | K36: jaquelin.e.pereyra@hotmail.com | L36: PARTIDOS DEL GRAN BUENOS AIRES-SUR | M36: Luis Guillón | N36: 30 | O36: 6º Secundaria (Prov.) / 5º Media (CABA) | P36: 3 | Q36: 2 | R36: 90 | S36: Los alumnos de nuestra institución provienen de un sector social y económicamente bulnerables por lo que esperan y valoran las salidas educativas | T36: Si | U36: Si | V36: Martes 23/4 | W36: 0 | X36: 0 | Y36: 0 | Z36: =IF('CRUDO MARTES'!Z36="Si",$N36,) -> 30 | AA36: 0 | AB36: 0 | AC36: =IF('CRUDO MARTES'!AC36="Si",$N36,) -> 30 | AD36: 0 | AE36: 0 | AF36: =IF('CRUDO MARTES'!AF36="Si",$N36,) -> 30 | AG36: 0 | AH36: =IF('CRUDO MARTES'!AH36="Si",$N36,) -> 30 | AI36: 0 | AJ36: 0 | AK36: 0 | AL36: 0 | AM36: 0 | AN36: 0 | AO36: 0 | AP36: La cantidad de alumnos es aproximada debido a que algunos están en condición de rendir 3er materia para pasar a 6to | AR36: 1
A37: 45365.483 | B37: agustina.stern@strinidad.edu.ar | C37: COLEGIO SANTA TRINIDAD | D37: 061217100 | E37: 10. Liceos / Normales / Colegios / Institutos de otras orientaciones | F37: Economía | G37: Privada | H37: María Agustina Stern | I37: Paula Giussi | K37: agustina.stern@strinidad.edu.ar | L37: PARTIDOS DEL GRAN BUENOS AIRES-NORTE | M37: San Isidro | N37: 25 | O37: 6º Secundaria (Prov.) / 5º Media (CABA) | P37: 4 | Q37: 2 | R37: 0 | T37: Si | U37: No | V37: Martes 23/4 | W37: =IF('CRUDO MARTES'!W37="Si",$N37,) -> 25 | X37: 0 | Y37: =IF('CRUDO MARTES'!Y37="Si",$N37,) -> 0 | Z37: =IF('CRUDO MARTES'!Z37="Si",$N37,) -> 0 | AA37: 0 | AB37: 0 | AC37: =IF('CRUDO MARTES'!AC37="Si",$N37,) -> 25 | AD37: =IF('CRUDO MARTES'!AD37="Si",$N37,) -> 0 | AE37: =IF('CRUDO MARTES'!AE37="Si",$N37,) -> 0 | AF37: =IF('CRUDO MARTES'!AF37="Si",$N37,) -> 0 | AG37: 0 | AH37: 0 | AI37: =IF('CRUDO MARTES'!AI37="Si",$N37,) -> 0 | AJ37: =IF('CRUDO MARTES'!AJ37="Si",$N37,) -> 0 | AK37: =IF('CRUDO MARTES'!AK37="Si",$N37,) -> 0 | AL37: =IF('CRUDO MARTES'!AL37="Si",$N37,) -> 0 | AM37: =IF('CRUDO MARTES'!AM37="Si",$N37,) -> 0 | AN37: =IF('CRUDO MARTES'!AN37="Si",$N37,) -> 0 | AO37: =IF('CRUDO MARTES'!AO37="Si",$N37,) -> 0 | AR37: 1
A38: 45365.487 | B38: agustina.stern@strinidad.edu.ar | C38: COLEGIO SANTA TRINIDAD | D38: 061217100 | E38: 9. Liceos / Normales / Colegios / Institutos orientados en ciencias sociales y/o humanidades | F38: Sociales | G38: Privada | H38: María Agustina Stern | I38: Paula Giussi | K38: agustina.stern@strinidad.edu.ar | L38: PARTIDOS DEL GRAN BUENOS AIRES-NORTE | M38: San isidro | N38: 15 | O38: 6º Secundaria (Prov.) / 5º Media (CABA) | P38: 4 | Q38: 2 | R38: 0 | T38: Si | U38: No | V38: Martes 23/4 | W38: =IF('CRUDO MARTES'!W38="Si",$N38,) -> 15 | X38: 0 | Y38: =IF('CRUDO MARTES'!Y38="Si",$N38,) -> 0 | Z38: =IF('CRUDO MARTES'!Z38="Si",$N38,) -> 0 | AA38: 0 | AB38: 0 | AC38: =IF('CRUDO MARTES'!AC38="Si",$N38,) -> 15 | AD38: =IF('CRUDO MARTES'!AD38="Si",$N38,) -> 0 | AE38: =IF('CRUDO MARTES'!AE38="Si",$N38,) -> 0 | AF38: =IF('CRUDO MARTES'!AF38="Si",$N38,) -> 0 | AG38: 0 | AH38: 0 | AI38: =IF('CRUDO MARTES'!AI38="Si",$N38,) -> 0 | AJ38: =IF('CRUDO MARTES'!AJ38="Si",$N38,) -> 0 | AK38: =IF('CRUDO MARTES'!AK38="Si",$N38,) -> 0 | AL38: =IF('CRUDO MARTES'!AL38="Si",$N38,) -> 0 | AM38: =IF('CRUDO MARTES'!AM38="Si",$N38,) -> 0 | AN38: =IF('CRUDO MARTES'!AN38="Si",$N38,) -> 0 | AO38: =IF('CRUDO MARTES'!AO38="Si",$N38,) -> 0 | AR38: 1
A39: 45365.496 | B39: rosana.dionisio@bue.edu.ar | C39: Esc. de Comercio N° 33 DE 18 "Maipú" | D39: 20068000 | E39: 10. Liceos / Normales / Colegios / Institutos de otras orientaciones | F39: Administración y Economía | G39: Estatal | H39: Dionisio Rosana | I39: Daniel Guillermo | J39: Illariuzzi Ignacio | K39: rosana.dionisio@bue.edu.ar | L39: CABA | M39: Monte Castro | N39: 35 | O39: 6º Secundaria (Prov.) / 5º Media (CABA) | P39: 4 | Q39: 4 | R39: 50 | T39: No | U39: Si | V39: Martes 23/4 | W39: =IF('CRUDO MARTES'!W39="Si",$N39,) -> 0 | X39: =IF('CRUDO MARTES'!X39="Si",$N39,) -> 0 | Y39: =IF('CRUDO MARTES'!Y39="Si",$N39,) -> 0 | Z39: =IF('CRUDO MARTES'!Z39="Si",$N39,) -> 35 | AA39: =IF('CRUDO MARTES'!AA39="Si",$N39,) -> 0 | AB39: =IF('CRUDO MARTES'!AB39="Si",$N39,) -> 0 | AC39: =IF('CRUDO MARTES'!AC39="Si",$N39,) -> 0 | AD39: =IF('CRUDO MARTES'!AD39="Si",$N39,) -> 0 | ... AJ39: =IF('CRUDO MARTES'!AJ39="Si",$N39,) -> 0 | AK39: 0 | AL39: =IF('CRUDO MARTES'!AL39="Si",$N39,) -> 0 | AM39: =IF('CRUDO MARTES'!AM39="Si",$N39,) -> 0 | AN39: =IF('CRUDO MARTES'!AN39="Si",$N39,) -> 0 | AO39: =IF('CRUDO MARTES'!AO39="Si",$N39,) -> 0 | AR39: 1
A40: 45365.539 | B40: sgil@sancayetanoliniers.edu.ar | C40: Instituto San Cayetano | D40: 020066300 | E40: 9. Liceos / Normales / Colegios / Institutos orientados en ciencias sociales y/o humanidades | F40: Economía y humanidades | G40: Privada | H40: Stella Maris Gil | I40: Lorena Garay | K40: Sgil@sancayetanoliniers.edu.ar | L40: CABA | M40: Liniers | N40: 35 | O40: 6º Secundaria (Prov.) / 5º Media (CABA) | P40: 3 | Q40: 1 | R40: 30 | T40: Si | U40: No | V40: Martes 23/4 | W40: =IF('CRUDO MARTES'!W40="Si",$N40,) -> 35 | X40: =IF('CRUDO MARTES'!X40="Si",$N40,) -> 0 | Y40: 0 | Z40: =IF('CRUDO MARTES'!Z40="Si",$N40,) -> 0 | AA40: =IF('CRUDO MARTES'!AA40="Si",$N40,) -> 0 | AB40: =IF('CRUDO MARTES'!AB40="Si",$N40,) -> 35 | AC40: =IF('CRUDO MARTES'!AC40="Si",$N40,) -> 0 | AD40: =IF('CRUDO MARTES'!AD40="Si",$N40,) -> 0 | AE40: =IF('CRUDO MARTES'!AE40="Si",$N40,) -> 0 | AF40: =IF('CRUDO MARTES'!AF40="Si",$N40,) -> 0 | AG40: =IF('CRUDO MARTES'!AG40="Si",$N40,) -> 0 | ... AI40: =IF('CRUDO MARTES'!AI40="Si",$N40,) -> 0 | AJ40: 0 | AK40: =IF('CRUDO MARTES'!AK40="Si",$N40,) -> 0 | AL40: =IF('CRUDO MARTES'!AL40="Si",$N40,) -> 0 | AM40: =IF('CRUDO MARTES'!AM40="Si",$N40,) -> 0 | AN40: =IF('CRUDO MARTES'!AN40="Si",$N40,) -> 0 | AO40: 0 | AR40: 1
A41: 45365.564 | B41: sgil@sancayetanoliniers.edu.ar | C41: Instituto San Cayetano | D41: 020066300 | E41: 9. Liceos / Normales / Colegios / Institutos orientados en ciencias sociales y/o humanidades | F41: Economia y humanidades | G41: Privada | H41: Gil stella Maris | I41: Galvan | K41: sgil@sancayetanoliniers.edu.ar | L41: CABA | M41: Liniers | N41: 30 | O41: 6º Secundaria (Prov.) / 5º Media (CABA) | P41: 3 | Q41: 3 | R41: 30 | T41: Si | U41: No | V41: Martes 23/4 | W41: =IF('CRUDO MARTES'!W41="Si",$N41,) -> 30 | X41: =IF('CRUDO MARTES'!X41="Si",$N41,) -> 0 | Y41: =IF('CRUDO MARTES'!Y41="Si",$N41,) -> 0 | Z41: =IF('CRUDO MARTES'!Z41="Si",$N41,) -> 0 | AA41: =IF('CRUDO MARTES'!AA41="Si",$N41,) -> 0 | AB41: =IF('CRUDO MARTES'!AB41="Si",$N41,) -> 30 | AC41: =IF('CRUDO MARTES'!AC41="Si",$N41,) -> 0 | AD41: =IF('CRUDO MARTES'!AD41="Si",$N41,) -> 0 | ... AH41: =IF('CRUDO MARTES'!AH41="Si",$N41,) -> 0 | AI41: 0 | AJ41: =IF('CRUDO MARTES'!AJ41="Si",$N41,) -> 0 | AK41: =IF('CRUDO MARTES'!AK41="Si",$N41,) -> 0 | AL41: =IF('CRUDO MARTES'!AL41="Si",$N41,) -> 0 | AM41: =IF('CRUDO MARTES'!AM41="Si",$N41,) -> 0 | AN41: =IF('CRUDO MARTES'!AN41="Si",$N41,) -> 30 | AO41: =IF('CRUDO MARTES'!AO41="Si",$N41,) -> 0 | AR41: 1
A42: 45365.572 | B42: jp.alvarez29@gmail.com | C42: Instituto Almirante Guillermo Brown | D42: 60627100 | E42: 9. Liceos / Normales / Colegios / Institutos orientados en ciencias sociales y/o humanidades | F42: Ciencias sociales | G42: Privada | H42: Juan Pablo Alvarez | I42: Carolina Roqueiro | J42: Cecilia Cuello | K42: jp.alvarez29@gmail.com | L42: PARTIDOS DEL GRAN BUENOS AIRES-OESTE | M42: Haedo, Morón | N42: 35 | O42: 6º Secundaria (Prov.) / 5º Media (CABA) | P42: 5 | Q42: 3 | R42: 15 | T42: Si | U42: No | V42: Martes 23/4 | W42: =IF('CRUDO MARTES'!W42="Si",$N42,) -> 35 | X42: =IF('CRUDO MARTES'!X42="Si",$N42,) -> 0 | Y42: =IF('CRUDO MARTES'!Y42="Si",$N42,) -> 0 | Z42: =IF('CRUDO MARTES'!Z42="Si",$N42,) -> 0 | AA42: =IF('CRUDO MARTES'!AA42="Si",$N42,) -> 0 | AB42: 0 | AC42: =IF('CRUDO MARTES'!AC42="Si",$N42,) -> 0 | AD42: =IF('CRUDO MARTES'!AD42="Si",$N42,) -> 0 | AE42: =IF('CRUDO MARTES'!AE42="Si",$N42,) -> 0 | AF42: =IF('CRUDO MARTES'!AF42="Si",$N42,) -> 0 | AG42: =IF('CRUDO MARTES'!AG42="Si",$N42,) -> 0 | AH42: =IF('CRUDO MARTES'!AH42="Si",$N42,) -> 0 | AI42: =IF('CRUDO MARTES'!AI42="Si",$N42,) -> 0 | AJ42: 0 | AK42: =IF('CRUDO MARTES'!AK42="Si",$N42,) -> 0 | AL42: =IF('CRUDO MARTES'!AL42="Si",$N42,) -> 0 | AM42: =IF('CRUDO MARTES'!AM42="Si",$N42,) -> 35 | AN42: =IF('CRUDO MARTES'!AN42="Si",$N42,) -> 0 | AO42: =IF('CRUDO MARTES'!AO42="Si",$N42,) -> 0 | AR42: 1
A43: 45365.632 | B43: jessicaamaidana@gmail.com | C43: Instituto Educacional Argentino Nuestra Señorra de Luján | D43: 20059400 | E43: 2. Técnicas en computación, electrónica, informática | F43: Informática | G43: Privada | H43: Jessica Maidana | I43: Fernando Beitia | J43: Fernanda Goldaracena | K43: jessicaamaidana@gmail.com | L43: CABA | M43: Villa Pueyrredon | N43: 30 | O43: 6º Secundaria (Prov.) / 5º Media (CABA) | P43: 4 | Q43: 5 | R43: 50 | T43: Si | U43: No | V43: Martes 23/4 | W43: 0 | X43: 0 | Y43: =IF('CRUDO MARTES'!Y43="Si",$N43,) -> 30 | Z43: =IF('CRUDO MARTES'!Z43="Si",$N43,) -> 0 | AA43: 0 | AB43: =IF('CRUDO MARTES'!AB43="Si",$N43,) -> 30 | AC43: 0 | AD43: 0 | AE43: =IF('CRUDO MARTES'!AE43="Si",$N43,) -> 0 | AF43: =IF('CRUDO MARTES'!AF43="Si",$N43,) -> 0 | AG43: 0 | AH43: 0 | AI43: 0 | AJ43: =IF('CRUDO MARTES'!AJ43="Si",$N43,) -> 0 | AK43: =IF('CRUDO MARTES'!AK43="Si",$N43,) -> 0 | AL43: 0 | AM43: 0 | AN43: =IF('CRUDO MARTES'!AN43="Si",$N43,) -> 0 | AO43: =IF('CRUDO MARTES'!AO43="Si",$N43,) -> 0 | AP43: Nos encantaría que los estudiantes participen de esta propuestas. | AR43: 1
A44: 45365.636 | B44: jessicaamaidana@gmail.com | C44: Instituto Educacional Argentino Nuestra Señara de Luján | D44: 20059400 | E44: 10. Liceos / Normales / Colegios / Institutos de otras orientaciones | F44: Sociales | G44: Privada | H44: Jessica Maidana | I44: Fernando Beitia | J44: Fernanda Goldaracena | K44: jessicaamaidana@gmail.com | L44: CABA | M44: Villa Pueyrredon | N44: 0 | O44: 6º Secundaria (Prov.) / 5º Media (CABA) | P44: 4 | Q44: 5 | R44: 50 | T44: Si | U44: No | V44: Martes 23/4 | W44: =IF('CRUDO MARTES'!W44="Si",$N44,) -> 0 | X44: =IF('CRUDO MARTES'!X44="Si",$N44,) -> 0 | Y44: =IF('CRUDO MARTES'!Y44="Si",$N44,) -> 0 | Z44: =IF('CRUDO MARTES'!Z44="Si",$N44,) -> 0 | AA44: =IF('CRUDO MARTES'!AA44="Si",$N44,) -> 0 | AB44: =IF('CRUDO MARTES'!AB44="Si",$N44,) -> 0 | AC44: =IF('CRUDO MARTES'!AC44="Si",$N44,) -> 0 | AD44: =IF('CRUDO MARTES'!AD44="Si",$N44,) -> 0 | ... AO44: =IF('CRUDO MARTES'!AO44="Si",$N44,) -> 0
A45: 45365.664 | B45: agustinacafiero@gregorys.com.ar | C45: Colegio San Gregorio | D45: 061312300 | E45: 10. Liceos / Normales / Colegios / Institutos de otras orientaciones | F45: Gestión/ TICs | G45: Privada | H45: Agustina Cafiero | I45: German Delgado | J45: Manuela Seisdedos | K45: agustinacafiero@gregorys.com.ar | L45: PARTIDOS DEL GRAN BUENOS AIRES-NORTE | M45: Vicent López | N45: 0 | O45: 6º Secundaria (Prov.) / 5º Media (CABA) | P45: 5 | Q45: 5 | R45: 10 | T45: Si | U45: No | V45: Martes 23/4 | W45: =IF('CRUDO MARTES'!W45="Si",$N45,) -> 0 | X45: =IF('CRUDO MARTES'!X45="Si",$N45,) -> 0 | Y45: 0 | Z45: =IF('CRUDO MARTES'!Z45="Si",$N45,) -> 0 | AA45: =IF('CRUDO MARTES'!AA45="Si",$N45,) -> 0 | AB45: 0 | AC45: =IF('CRUDO MARTES'!AC45="Si",$N45,) -> 0 | AD45: =IF('CRUDO MARTES'!AD45="Si",$N45,) -> 0 | AE45: =IF('CRUDO MARTES'!AE45="Si",$N45,) -> 0 | AF45: =IF('CRUDO MARTES'!AF45="Si",$N45,) -> 0 | AG45: 0 | AH45: 0 | AI45: 0 | AJ45: =IF('CRUDO MARTES'!AJ45="Si",$N45,) -> 0 | AK45: =IF('CRUDO MARTES'!AK45="Si",$N45,) -> 0 | AL45: 0 | AM45: 0 | AN45: =IF('CRUDO MARTES'!AN45="Si",$N45,) -> 0 | AO45: =IF('CRUDO MARTES'!AO45="Si",$N45,) -> 0
A46: 45365.817 | B46: luisangelrovella@gmail.com | C46: Instituto Esquiú | D46: 020097600 | E46: 1. Liceos / Normales / Colegios / Institutos orientados en ciencias naturales y/o exactas | F46: Científica | G46: Privada | H46: Luis Rovella | I46: Cristian Diaz Patzi | K46: larovella@colegioesquiu.edu.ar | L46: CABA | M46: Caba | N46: 32 | O46: 6º Secundaria (Prov.) / 5º Media (CABA) | P46: 5 | Q46: 5 | R46: 5 | S46: Puede que sean menos chicos de lo indicado... pero siempre mayor a 20 | T46: Si | U46: No | V46: Martes 23/4 | W46: =IF('CRUDO MARTES'!W46="Si",$N46,) -> 32 | X46: 0 | Y46: =IF('CRUDO MARTES'!Y46="Si",$N46,) -> 0 | Z46: =IF('CRUDO MARTES'!Z46="Si",$N46,) -> 0 | AA46: 0 | AB46: 0 | AC46: =IF('CRUDO MARTES'!AC46="Si",$N46,) -> 32 | AD46: =IF('CRUDO MARTES'!AD46="Si",$N46,) -> 0 | AE46: =IF('CRUDO MARTES'!AE46="Si",$N46,) -> 0 | AF46: =IF('CRUDO MARTES'!AF46="Si",$N46,) -> 0 | AG46: 0 | AH46: 0 | AI46: 0 | AJ46: =IF('CRUDO MARTES'!AJ46="Si",$N46,) -> 0 | AK46: =IF('CRUDO MARTES'!AK46="Si",$N46,) -> 0 | AL46: 0 | AM46: 0 | AN46: =IF('CRUDO MARTES'!AN46="Si",$N46,) -> 0 | AO46: =IF('CRUDO MARTES'!AO46="Si",$N46,) -> 0 | AR46: 1
